crsCode,subArea,year,crsNum,subName,grade,prName,crsTime,room
AAH101-01,기초,3,AAH101-01,한국미술사개론,3,송은석,금1.5-4.0,A319
AAH103-01,기초,2,AAH103-01,고고미술사학코너스톤디자인,2,한정호,화5.0-6.5,A110
AAH205-01,기초,3,AAH205-01,서양미술사,3,김지현,월5.0-7.5,A319
AAH208-01,기초,2,AAH208-01,고고학실습,2,심현철,금2.0-5.5,A110
AAH209-01,기초,3,AAH209-01,고고학연구법,3,강현숙,화2.0-4.5,A110
AAH210-01,기초,3,AAH210-01,문화유산의이해-유물,3,강동석,목2.0-4.5,A319
AAH211-01,기초,3,AAH211-01,중국미술사,3,송은석,수1.5-4.0,A319
ACT203-01,기초,3,ACT203-01,재무회계2,3,김현아,월2.5-5.0,B403
ACT203-02,기초,3,ACT203-02,재무회계2,3,김현아,화4.0-6.5,B303
AME102-01,기초,3,AME102-01,자동차공학개론,3,정연종,수2.0-4.5,E301
APO103-01,기초,3,APO103-01,경찰학개론,3,김성환,"월7.0-8.0,수1.0-2.0","B202,B202"
APO103-02,기초,3,APO103-02,경찰학개론,3,김성환,"월8.5-9.5,목4.0-5.0","B202,B202"
APO103-03,기초,3,APO103-03,경찰학개론,3,김성환,"화1.0-2.0,목5.5-6.5","B202,B202"
APO104-01,기초,3,APO104-01,국가정책의이해,3,정윤길,목1.0-3.5,B101
APO104-02,기초,3,APO104-02,국가정책의이해,3,이준호,"월2.5-3.5,수2.5-3.5","B206,B206"
APO105-01,기초,1,APO105-01,무술1,1,이창근,월1.0-2.5,G115
APO212-01,기초,3,APO212-01,공공관리론,3,천지은,목4.0-6.5,B206
APO213-01,기초,3,APO213-01,행정경찰통계론,3,허만용,화1.0-3.5,B206
APO214-01,기초,3,APO214-01,비영리조직론,3,구정대,금4.0-6.5,B202
APO215-01,기초,3,APO215-01,리더십이론과실제,3,구정대,금7.0-9.5,B202
APO216-01,기초,3,APO216-01,행정경찰인사관리론,3,이준호,"수4.0-5.0,목1.0-2.0","B302,B302"
APO217-01,기초,3,APO217-01,범죄학,3,곽형곤,화1.0-3.5,B101
APO217-02,기초,3,APO217-02,범죄학,3,곽형곤,수1.0-3.5,B101
APO217-03,기초,3,APO217-03,범죄학,3,곽형곤,금1.0-3.5,B101
APO218-01,기초,3,APO218-01,외교정책과국제안보,3,진유정,수4.0-6.5,B206
APO219-01,기초,3,APO219-01,정치리더십론,3,황의서,"월5.5-6.5,화5.5-6.5","B202,B202"
APO220-01,기초,3,APO220-01,경찰보안론,3,권오윤,화4.0-6.5,B310
APO221-01,기초,1,APO221-01,무술2,1,이창근,월3.0-4.5,G115
AST101-01,기초,3,AST101-01,경제경영의이해,3,김지용,월7.0-9.5,B304
AST102-01,기초,3,AST102-01,글로벌무역의이해,3,김미정,"화2.5-3.5,목2.5-3.5","B304,B304"
AST103-01,기초,3,AST103-01,항공서비스의이해,3,고민환,"수2.5-3.5,목1.0-2.0","B304,B304"
BCC102-01,기초,3,BCC102-01,보육학개론,3,윤성원,목6.0-8.5,D409
BCC103-01,기초,1,BCC103-01,아동국악실습,1,장주영,월2.0-3.5,D903
BCC104-01,기초,1,BCC104-01,불교아동보육학전공진로탐색,1,김종두,목9.0-9.5,D409
BCC205-01,기초,3,BCC205-01,보육과정,3,이은영,월4.0-6.5,D409
BCC206-01,기초,3,BCC206-01,아동미술,3,이수경,금2.0-7.5,D409
BCC207-01,기초,3,BCC207-01,아동안전관리,3,민희정,"수5.0-6.0,목5.0-6.0","D409,K301"
BCC208-01,기초,2,BCC208-01,불교어린이법회지도법,2,우순기,월1.0-3.0,D409
BDG102-01,기초,2,BDG102-01,기초시각디자인2,2,유우진,목2.0-4.5,J301
BDG102-02,기초,2,BDG102-02,기초시각디자인2,2,이수연,목6.0-8.5,J306
BDG104-01,기초,2,BDG104-01,기초컴퓨터그래픽2,2,이수연,수2.0-4.5,J306
BDG202-01,기초,2,BDG202-01,응용시각디자인2,2,문석진,화2.0-4.5,J306
BDG204-01,기초,2,BDG204-01,컴퓨터그래픽2,2,김소희,월6.0-8.5,J306
BDG206-01,기초,2,BDG206-01,일러스트레이션표현기법2,2,유우진,수6.0-8.5,J302
BEU105-01,기초,2,BEU105-01,베이직뷰티코웍2,2,김연아,목4.0-5.5,Y502
BEU106-01,기초,3,BEU106-01,공중보건학,3,김연아,"수4.0-5.0,금1.0-2.0","Y501,Y501"
BEU107-01,기초,2,BEU107-01,뷰티크리에이티브,2,김연아,화4.0-5.5,B203
BUC102-01,기초,3,BUC102-01,불교신행과문화,3,김영진,수1.0-3.5,D409
BUD104-01,기초,3,BUD104-01,승가수행학,3,정준기,화1.0-3.5,D408
BUD105-01,기초,3,BUD105-01,초기불전,3,안양규,"월2.5-3.5,화2.5-3.5","D401,D401"
BUD209-01,기초,3,BUD209-01,대승불교개론,3,한지연,목2.5-5.0,D402
BUD211-01,기초,3,BUD211-01,불교영어입문,3,안양규,"화5.5-6.5,수5.5-6.5","D402,D408"
BUD212-01,기초,3,BUD212-01,선문학특강,3,정준기,"월5.0-6.0,수2.5-3.5","D403,D403"
BUD214-01,기초,3,BUD214-01,종전강독,3,노계왕,목7.0-9.5,D402
BUD216-01,기초,3,BUD216-01,종교와과학,3,이충환,수5.0-7.5,B104
BUD217-01,기초,3,BUD217-01,중국선종사,3,정준기,"월7.0-8.0,목1.0-2.0","D403,D403"
BUM102-01,기초,2,BUM102-01,기초불교회화2,2,정병국,화2.0-4.5,A101
BUM110-01,기초,2,BUM110-01,전통불화채색실습,2,박명순,수2.0-4.5,A101
BUM202-01,기초,2,BUM202-01,불교회화2,2,조해종,수2.0-4.5,A102
BUM214-01,기초,2,BUM214-01,단청실습2,2,고승희,화2.0-4.5,A102
BUM216-01,기초,2,BUM216-01,불교조형디자인2,2,이종억,월2.0-4.5,A102
BUS101-01,기초,3,BUS101-01,경영학원론,3,찰스아서롭,월4.0-6.5,B401
BUS101-02,기초,3,BUS101-02,경영학원론,3,송인숙,월1.0-3.5,B303
BUS101-03,기초,3,BUS101-03,경영학원론,3,이정미,월7.0-9.5,B407
BUS102-01,기초,3,BUS102-01,회계원리,3,오종문,"화1.0-2.0,목2.5-3.5","B303,B404"
BUS102-02,기초,3,BUS102-02,회계원리,3,배한수,"화2.5-3.5,수2.5-3.5","B407,B303"
BUS102-03,기초,3,BUS102-03,회계원리,3,배한수,"화4.0-5.0,수4.0-5.0","B304,B303"
BUS103-01,기초,3,BUS103-01,정보관리론,3,김의창,수1.0-3.5,B306
BUS103-02,기초,3,BUS103-02,정보관리론,3,송유진,화4.0-6.5,B306
BUS103-03,기초,3,BUS103-03,정보관리론,3,권정일,수7.0-9.5,B403
BUS206-01,기초,3,BUS206-01,재무관리,3,안영규,"화5.5-6.5,목5.5-6.5","B307,B407"
BUS206-02,기초,3,BUS206-02,재무관리,3,안영규,목7.0-9.5,B407
BUS207-01,기초,3,BUS207-01,경영과학,3,이영찬,수7.0-9.5,B201
BUS207-02,기초,3,BUS207-02,경영과학,3,김정배,금7.0-9.5,B303
BUS208-01,기초,3,BUS208-01,원가회계,3,정재진,"화2.5-3.5,목2.5-3.5","B401,B401"
BUS208-02,기초,3,BUS208-02,원가회계,3,백정한,"월5.5-6.5,수4.0-5.0","B407,B407"
BUS209-01,기초,3,BUS209-01,경영정보학개론,3,문태수,수1.0-3.5,B401
BUS209-02,기초,3,BUS209-02,경영정보학개론,3,문태수,화1.0-3.5,B306
CCE102-01,기초,3,CCE102-01,인공지능프로그래밍실습2,3,반상우,"수2.0-3.5,목8.0-9.5","E303,E303"
CCE102-02,기초,3,CCE102-02,인공지능프로그래밍실습2,3,반상우,"수7.5-9.0,목6.0-7.5","E303,E303"
CCE112-01,기초,3,CCE112-01,전자통신기초설계,3,남윤석,월1.0-3.5,E503
CCE112-02,기초,3,CCE112-02,전자통신기초설계,3,남윤석,월5.0-7.5,E503
CCE132-01,기초,3,CCE132-01,에너지전기공학기초2,3,정창열,"월7.0-8.0,수6.0-7.0","E102,E102"
CCE132-02,기초,3,CCE132-02,에너지전기공학기초2,3,정창열,"월8.5-9.5,수7.5-8.5","E102,E102"
CCE151-01,기초,3,CCE151-01,정역학,3,홍성호,"화1.0-2.0,목1.0-2.0","E203,E203"
CCE202-01,기초,3,CCE202-01,공학프로그래밍,3,정환목,금5.0-8.5,E503
CCE202-02,기초,3,CCE202-02,공학프로그래밍,3,박종운,수5.5-9.0,E101
CCE202-03,기초,3,CCE202-03,공학프로그래밍,3,한성익,"화2.0-3.5,수5.0-6.5","A205,A205"
CCE202-04,기초,3,CCE202-04,공학프로그래밍,3,김종원,금5.0-8.5,E303
CCE216-01,기초,3,CCE216-01,신호및시스템,3,강법주,"화1.0-2.0,목3.0-4.0","E302,E302"
CCE216-02,기초,3,CCE216-02,신호및시스템,3,강법주,"화3.0-4.0,목1.0-2.0","E302,E302"
CCE217-01,기초,3,CCE217-01,자료구조및실습,3,장익현,"월1.0-2.5,수5.0-6.5","E303,E303"
CCE217-02,기초,3,CCE217-02,자료구조및실습,3,장익현,"월5.5-7.0,화5.0-6.5","E303,E303"
CCE219-01,기초,3,CCE219-01,마이크로프로세서및실습,3,장유진,"월7.5-9.0,수3.0-4.5","E502,E502"
CCE219-02,기초,3,CCE219-02,마이크로프로세서및실습,3,장유진,"월9.5-11.0,수1.0-2.5","E502,E502"
CCE235-01,기초,3,CCE235-01,화학공학개론,3,류준형,"월2.5-3.5,목2.5-3.5","E102,E102"
CCE236-01,기초,3,CCE236-01,원자력공학개론,3,김규태,목7.0-9.5,E204
CCE239-01,기초,3,CCE239-01,열전달및변환,3,박종운,"월5.5-6.5,수2.5-3.5","E102,E102"
CCE240-01,기초,3,CCE240-01,전자기학,3,김유석,"월8.5-9.5,수1.0-2.0","E202,E202"
CCE241-01,기초,3,CCE241-01,회로이론,3,김유석,"월7.0-8.0,목1.0-2.0","E202,E202"
CCE254-01,기초,3,CCE254-01,CAD,3,정연종,금2.0-4.5,E305
CCE254-02,기초,3,CCE254-02,CAD,3,정연종,금6.0-8.5,E305
CCE255-01,기초,3,CCE255-01,기계동역학,3,한성익,"월7.0-8.0,목5.0-6.0","E203,E203"
CCE256-01,기초,3,CCE256-01,기계유체역학,3,김병문,"화5.5-6.5,목2.5-3.5","E302,M302"
CCE257-01,기초,3,CCE257-01,고급공업수학,3,김현석,수7.0-9.5,E302
CCP202-01,기초,3,CCP202-01,영상서사작법,3,심우일,수7.0-9.5,A305
CCP203-01,기초,3,CCP203-01,디지털콘텐츠의이해,3,김동희,목7.0-9.5,B204
CLL102-01,기초,3,CLL102-01,기초중국어연습2,3,오현주,"월8.0-9.0,금5.5-6.5","A320,A320"
CLL102-02,기초,3,CLL102-02,기초중국어연습2,3,임융지,"월8.0-9.0,금5.5-6.5","A305,A322"
CLL206-01,기초,3,CLL206-01,중급중국어2,3,우강식,목4.0-6.5,A302
CLL206-02,기초,3,CLL206-02,중급중국어2,3,임융지,목4.0-6.5,A324
CLL207-01,기초,3,CLL207-01,중국고대문학사,3,강종임,"수5.5-6.5,금2.5-3.5","A302,A302"
CLL208-01,기초,3,CLL208-01,중국어학개론,3,이은민,"화2.5-3.5,목2.5-3.5","A302,A302"
CLL210-01,기초,3,CLL210-01,중국어회화2,3,이은민,"월2.5-3.5,목1.0-2.0","A302,A320"
CLL210-02,기초,3,CLL210-02,중국어회화2,3,필문수,"월2.5-3.5,목1.0-2.0","A315,A315"
COM102-01,기초,3,COM102-01,컴퓨터프로그래밍,3,한정영,화1.0-3.5,S501
COM102-02,기초,3,COM102-02,컴퓨터프로그래밍,3,한정영,화4.0-6.5,S501
COM102-03,기초,3,COM102-03,컴퓨터프로그래밍,3,김칠화,월5.0-7.5,S501
COM104-01,기초,1,COM104-01,컴퓨터공학전공진로탐색,1,박기석,월9.0-9.5,A209
COM202-01,기초,3,COM202-01,모바일프로그래밍및실험,3,한은주,목2.0-4.5,S406
COM202-02,기초,3,COM202-02,모바일프로그래밍및실험,3,한은주,목5.5-8.0,S406
COM204-01,기초,3,COM204-01,데이터구조,3,박기석,"월1.0-2.0,금4.0-5.0","S409,S406"
COM204-02,기초,3,COM204-02,데이터구조,3,박기석,"월2.5-3.5,금2.5-3.5","S409,S406"
COM206-01,기초,3,COM206-01,컴퓨터구조,3,서아리아,금7.0-9.5,S402
COM208-01,기초,3,COM208-01,어셈블리언어,3,도재수,"화2.5-3.5,수1.0-2.0","S409,S409"
COM208-02,기초,3,COM208-02,어셈블리언어,3,조영혁,월6.0-8.5,S409
COM210-01,기초,3,COM210-01,자바고급프로그래밍,3,김칠화,수1.0-3.5,S406
COM210-02,기초,3,COM210-02,자바고급프로그래밍,3,김칠화,수5.0-7.5,S406
CPD102-01,기초,2,CPD102-01,기초입체조형디자인2,2,류완하,목2.0-4.5,J202
CPD106-01,기초,2,CPD106-01,목업디자인2,2,정병밀,금6.0-8.5,J202
CPD202-01,기초,2,CPD202-01,산업디자인2,2,박영우,수2.0-4.5,J201
CPD204-01,기초,2,CPD204-01,3D컴퓨터조형디자인4,2,이창진,금6.0-8.5,J201
CPD206-01,기초,2,CPD206-01,제품디자인2,2,홍재헌,금2.0-4.5,J202
ECE102-01,기초,3,ECE102-01,영유아발달,3,하연수,월6.0-8.5,A109
ECE102-02,기초,3,ECE102-02,영유아발달,3,조준오,목1.0-3.5,A109
ECE106-01,기초,3,ECE106-01,불교기악실습,3,김은경,화1.0-6.5,A109
ECE206-01,기초,3,ECE206-01,유아교육과정,3,김은경,"월2.0-3.5,수5.0-6.5","A113,A113"
ECE206-02,기초,3,ECE206-02,유아교육과정,3,김은경,"월5.0-6.5,수2.0-3.5","A113,A113"
ECE207-01,기초,3,ECE207-01,언어지도,3,박근영,목1.0-4.5,A112
ECE207-02,기초,3,ECE207-02,언어지도,3,박근영,목6.0-9.5,A112
ECE208-01,기초,3,ECE208-01,가족관계론,3,하연수,화4.0-6.5,A213
ECE210-01,기초,3,ECE210-01,아동수학지도,3,조준오,금2.0-5.5,A112
ENG102-01,기초,2,ENG102-01,기본영어연습,2,폴그로바,수3.0-4.5,A304
ENG102-02,기초,2,ENG102-02,기본영어연습,2,폴그로바,수5.0-6.5,A305
ENG208-01,기초,3,ENG208-01,영어독해,3,제갈민,"월3.0-4.0,금1.5-2.5","A321,A322"
ENG209-01,기초,3,ENG209-01,영문번역입문,3,구본철,"화2.5-3.5,수2.5-3.5","A303,A303"
ENG210-01,기초,3,ENG210-01,영어문법,3,송민영,"화5.5-6.5,목2.5-3.5","A323,A323"
ENG211-01,기초,2,ENG211-01,영어회화2,2,폴그로바,금5.0-6.5,A303
ENG211-02,기초,2,ENG211-02,영어회화2,2,폴그로바,금7.0-8.5,A303
ERC241-01,기초,3,ERC241-01,수학교육론,3,정영우,금5.0-7.5,S302
FDE101-01,기초,3,FDE101-01,소방학개론,3,김영찬,"월2.5-3.5,화2.5-3.5","S101,K303"
FDE121-01,기초,3,FDE121-01,응급처치론,3,박성범,수2.0-5.5,A309
FSM205-01,기초,3,FSM205-01,외식서비스마케팅,3,심희진,금7.0-9.5,B501
FSM206-01,기초,3,FSM206-01,기초조리실습,3,김영중,수1.0-4.5,R102
FSM206-02,기초,3,FSM206-02,기초조리실습,3,김영중,수6.0-9.5,R102
FSM207-01,기초,3,FSM207-01,식음료서비스실무,3,전현모,수1.5-5.0,R103
FSM207-02,기초,3,FSM207-02,식음료서비스실무,3,전현모,수6.0-9.5,R103
FSM208-01,기초,3,FSM208-01,외식창업코너스톤디자인,3,김창일,월4.0-6.5,B406
GEC212-01,기초,3,GEC212-01,거시경제학,3,김영우,금1.0-3.5,B308
GEC213-01,기초,3,GEC213-01,경제정책론,3,예병환,수4.0-6.5,B308
GEC214-01,기초,3,GEC214-01,정보경제학,3,박지웅,화1.0-3.5,B308
GEC215-01,기초,3,GEC215-01,경제통계론,3,양희진,월7.0-9.5,B205
GEC216-01,기초,3,GEC216-01,무역영어,3,딴툿우,"월2.5-3.5,수2.5-3.5","B404,B404"
GEC216-02,기초,3,GEC216-02,무역영어,3,딴툿우,"월1.0-2.0,수1.0-2.0","B408,B408"
GEC217-01,기초,3,GEC217-01,GlobalBusinessEnglish2,3,고민환,"화2.5-3.5,수1.0-2.0","B404,B404"
GEC217-02,기초,3,GEC217-02,GlobalBusinessEnglish2,3,딴툿우,"화5.5-6.5,수5.5-6.5","B408,B304"
GEC218-01,기초,3,GEC218-01,GlobalMarketing,3,전기홍,금4.0-6.5,B404
GEC218-02,기초,3,GEC218-02,GlobalMarketing,3,전기홍,금7.0-9.5,B404
GLA102-01,기초,3,GLA102-01,동서양문화의이해,3,김영훈,화4.0-6.5,A305
GLA102-02,기초,3,GLA102-02,동서양문화의이해,3,이홍천,화4.0-6.5,A301
GLA102-03,기초,3,GLA102-03,동서양문화의이해,3,강종임,화4.0-6.5,A302
GLO206-01,기초,3,GLO206-01,시사경영읽기,3,김종영,금7.0-9.5,B407
GLO207-01,기초,3,GLO207-01,미시적경제분석,3,김영우,금4.0-6.5,B308
GLO208-01,기초,3,GLO208-01,호스피탈리티마케팅,3,이준엽,"화5.5-6.5,수5.5-6.5","B106,B106"
GLO209-01,기초,3,GLO209-01,문화관광상품기획,3,강정근,수2.5-5.0,B106
GLO210-01,기초,3,GLO210-01,기업가정신과조직관리,3,이영찬,,
GSB202-01,기초,3,GSB202-01,글로벌연구방법론2,3,이건형,월4.0-6.5,B404
HCT202-01,기초,3,HCT202-01,뉴미디어와인문학,3,권두현,목7.0-9.5,A306
HCT202-02,기초,3,HCT202-02,뉴미디어와인문학,3,최성원,목1.0-3.5,A205
HIF104-01,기초,3,HIF104-01,병리학,3,김석환,화2.0-4.5,Y505
HIF105-01,기초,3,HIF105-01,병원경영학,3,김석환,수2.0-4.5,Y504
HIF106-01,기초,3,HIF106-01,국제보건의이해,3,김석환,목2.0-4.5,Y504
HOM102-01,기초,3,HOM102-01,가정학실습과인성교육,3,주수언,화1.0-4.5,S509
HOM103-01,기초,3,HOM103-01,패션디자인과4차산업혁명,3,정미실,"수5.0-6.0,목1.0-2.0","S404,S404"
HOM206-01,기초,3,HOM206-01,영양학,3,김지은,목4.0-6.5,S404
HOM207-01,기초,3,HOM207-01,부모교육론,3,손유림,월5.0-7.5,S509
HOM208-01,기초,3,HOM208-01,피복재료학,3,박채련,수1.0-3.5,S404
HOM209-01,기초,3,HOM209-01,소비자의사결정론,3,박명숙,"화1.5-2.5,목2.5-3.5","S503,S503"
HTM101-01,기초,3,HTM101-01,관광학원론,3,심재명,"월7.0-8.0,목7.0-8.0","B405,B405"
HTM101-02,기초,3,HTM101-02,관광학원론,3,김남현,"수1.0-2.0,목1.0-2.0","B307,B201"
HTM102-01,기초,3,HTM102-01,호텔경영론,3,권주경,월2.5-5.0,B307
HTM102-02,기초,3,HTM102-02,호텔경영론,3,최욱희,"화2.5-3.5,수2.5-3.5","B501,B501"
HTM103-01,기초,3,HTM103-01,외식산업의이해,3,전병길,"화4.0-5.0,목2.5-3.5","B201,B201"
HTM103-02,기초,3,HTM103-02,외식산업의이해,3,전병길,"화5.5-6.5,목4.0-5.0","B201,B201"
ICT112-01,기초,3,ICT112-01,통계와응용,3,손창균,수5.5-8.0,S410
ICT113-01,기초,3,ICT113-01,엑셀을이용한기초통계,3,조태경,목5.0-7.5,S408
ICT212-01,기초,3,ICT212-01,응용통계학개론2,3,심규박,월5.5-8.0,S502
ICT214-01,기초,3,ICT214-01,통계데이터베이스및실습,3,김진석,월1.0-3.5,S408
ICT216-01,기초,3,ICT216-01,응용확률론,3,조태경,"화1.0-2.0,수2.5-3.5","S502,S408"
ICT218-01,기초,3,ICT218-01,탐색적자료분석,3,정귀옥,목1.0-3.5,S408
ICT220-01,기초,3,ICT220-01,사회조사분석및실습,3,손창균,"화2.5-3.5,화4.0-5.0","S502,S408"
IDK107-01,기초,3,IDK107-01,국악전공실기2,3,최우정,목4.0-6.5,Y402
IDK107-02,기초,3,IDK107-02,국악전공실기2,3,한성열,수3.0-5.5,Y401
IDK112-01,기초,3,IDK112-01,부전공실기2,3,정용진,수7.0-9.5,Y402
IDK112-02,기초,3,IDK112-02,부전공실기2,3,정용진,수4.0-6.5,Y402
IDK116-01,기초,3,IDK116-01,글로벌공연예술4,3,한정미,목7.0-9.5,Y301
IDK206-01,기초,3,IDK206-01,국악전공실기4,3,윤숙자,월1.0-3.5,Y303
IDK206-02,기초,3,IDK206-02,국악전공실기4,3,유용재,월3.0-5.5,Y405
IDK206-03,기초,3,IDK206-03,국악전공실기4,3,김백송,화1.0-3.5,Y213
IDK206-04,기초,3,IDK206-04,국악전공실기4,3,김영리,수1.0-3.5,Y231
IDK206-05,기초,3,IDK206-05,국악전공실기4,3,홍장미,목1.0-3.5,Y223
IDK206-06,기초,3,IDK206-06,국악전공실기4,3,손인애,화1.0-3.5,Y404
IDK206-07,기초,3,IDK206-07,국악전공실기4,3,안승철,화1.0-3.5,Y304
IDK206-08,기초,3,IDK206-08,국악전공실기4,3,김응기,화4.0-6.5,Y301
IDK206-09,기초,3,IDK206-09,국악전공실기4,3,김효원,수7.0-9.5,Y405
IDK208-01,기초,3,IDK208-01,공연실습4,3,김응기,월10.0-12.5,Y303
IDK209-01,기초,2,IDK209-01,국악사2,2,손수인,금5.0-6.5,Y401
IDK210-01,기초,3,IDK210-01,부전공실기4,3,박순자,화10.0-12.5,Y303
IDK210-02,기초,3,IDK210-02,부전공실기4,3,최우정,목8.0-10.5,Y402
IDK210-04,기초,3,IDK210-04,부전공실기4,3,정경숙,수7.0-9.5,Y303
IDK210-05,기초,3,IDK210-05,부전공실기4,3,김유나,목4.0-6.5,Y303
IDK210-06,기초,3,IDK210-06,부전공실기4,3,장가람,화4.0-6.5,Y402
IDP104-01,기초,3,IDP104-01,디자인과색채,3,이수연,화2.0-4.5,J307
IDP202-01,기초,3,IDP202-01,서양미술사,3,유은지,금6.0-8.5,A106
IDP206-01,기초,3,IDP206-01,환경조형과공공디자인,3,정병밀,금2.0-4.5,J201
IDP210-01,기초,3,IDP210-01,공간스토리디자인2,3,김지은,수6.0-8.5,J202
JAP102-01,기초,3,JAP102-01,기초일본어2,3,최진희,"월5.0-6.0,수4.0-5.0","A320,A320"
JAP102-02,기초,3,JAP102-02,기초일본어2,3,문재연,"수4.0-5.0,목7.0-8.0","A306,A301"
JAP107-01,기초,3,JAP107-01,기초일본어한자2,3,문재연,"수6.5-7.5,목8.5-9.5","A301,A301"
JAP109-01,기초,2,JAP109-01,일본어발음과청해2,2,최진희,월1.5-3.0,A324
JAP207-01,기초,3,JAP207-01,일본어문법2,3,조애숙,"화2.5-3.5,수2.5-3.5","A301,A322"
JAP207-02,기초,3,JAP207-02,일본어문법2,3,조애숙,"화5.5-6.5,수5.5-6.5","A315,A303"
JAP208-01,기초,3,JAP208-01,일본어강독,3,이창종,"월8.5-9.5,화1.0-2.0","A321,A301"
JAP209-01,기초,2,JAP209-01,일본어회화2,2,카네코유우키,월1.0-2.5,A301
JAP209-02,기초,2,JAP209-02,일본어회화2,2,에비나미유키,월1.0-2.5,A323
JAP211-01,기초,3,JAP211-01,일본어작문,3,카네코유우키,"월3.5-4.5,수1.0-2.0","A301,A322"
JAP211-02,기초,3,JAP211-02,일본어작문,3,에비나미유키,"월3.5-4.5,수1.0-2.0","A324,A324"
JAP214-01,기초,3,JAP214-01,일본어한자,3,최진희,"월6.5-7.5,수8.5-9.5","A320,A320"
KOH102-01,기초,3,KOH102-01,역사학개론,3,김신재,"월1.0-2.0,수1.0-2.0","A321,A321"
KOH102-02,기초,3,KOH102-02,역사학개론,3,김희영,월4.0-6.5,A323
KOH201-01,기초,3,KOH201-01,한국고대사,3,박광연,"수2.5-3.5,목2.5-3.5","A321,A321"
KOH205-01,기초,3,KOH205-01,한국사회경제사,3,오택현,화4.0-6.5,A304
KOH207-01,기초,3,KOH207-01,서양사연습,3,김희영,목4.0-6.5,A323
KOH208-01,기초,3,KOH208-01,동아시아중세사,3,남영주,"목7.0-8.0,금7.0-8.0","A323,A323"
KOR104-01,기초,3,KOR104-01,국어학개론,3,김억조,금4.0-6.5,A304
KOR204-01,기초,3,KOR204-01,디지털시대의시쓰기,3,정영효,월7.0-9.5,A304
KOR208-01,기초,3,KOR208-01,현대시론,3,정영효,월4.0-6.5,A304
KOR216-01,기초,3,KOR216-01,맞춤법의이해와실제,3,장혜진,"수5.5-6.5,목2.5-3.5","A320,A305"
KOR218-01,기초,3,KOR218-01,의사소통교육론,3,박선진,목4.0-6.5,A306
KOR219-01,기초,3,KOR219-01,고전문학과문화콘텐츠,3,장도규,"화4.0-5.0,수4.0-5.0","A323,A323"
KTM204-01,기초,3,KTM204-01,관현악4,3,박경현,화10.0-12.5,Y302
LAN102-01,기초,3,LAN102-01,조경의표현기법,3,유우진,화1.5-5.0,S510
LAN102-02,기초,3,LAN102-02,조경의표현기법,3,유우진,목6.0-9.5,S510
LAN207-01,기초,3,LAN207-01,동양조경사,3,최미영,월6.0-8.5,S510
LAN208-01,기초,3,LAN208-01,컴퓨터조경연습,3,허상현,월1.5-5.0,S512
LAN208-02,기초,3,LAN208-02,컴퓨터조경연습,3,허상현,화1.5-5.0,S512
LAN209-01,기초,3,LAN209-01,도시공원설계,3,허준,목1.0-4.5,S511
LAN209-02,기초,3,LAN209-02,도시공원설계,3,허준,목6.0-9.5,S511
LAN210-01,기초,3,LAN210-01,조경시공,3,손희준,금1.0-3.5,S507
LAN211-01,기초,3,LAN211-01,조경미학,3,이선호,수1.0-3.5,S511
LCC111-01,기초,1,LCC111-01,신소재화학전공진로탐색,1,김상욱,수5.0-5.5,S202
LCC151-01,기초,2,LCC151-01,바이오제약공학개론,2,한윤경,월1.0-2.5,M304
LCC203-01,기초,3,LCC203-01,분석화학,3,김상욱,"월5.0-6.5,월7.0-8.5","S202,S206"
LCC203-02,기초,3,LCC203-02,분석화학,3,박상신,"월2.5-3.5,수2.5-3.5","S303,S303"
LCC203-03,기초,3,LCC203-03,분석화학,3,박태규,월4.0-6.5,M302
LCC214-01,기초,3,LCC214-01,유기화학2,3,이준희,"월2.0-3.0,수8.0-9.0","S202,S202"
LCC215-01,기초,3,LCC215-01,물리화학2,3,김종문,목6.0-8.5,S202
LCC216-01,기초,3,LCC216-01,무기화학2,3,이강욱,금2.0-4.5,S202
LCC234-01,기초,3,LCC234-01,유기화학2,3,차승훈,금1.5-4.0,M303
LCC236-01,기초,3,LCC236-01,유전학,3,소재선,"월5.5-6.5,수6.0-7.0","S303,S303"
LCC237-01,기초,3,LCC237-01,세포공학,3,소재선,"화2.5-3.5,목2.5-3.5","S506,S506"
LCC254-01,기초,3,LCC254-01,유기화학2,3,박영조,금4.0-6.5,M302
LCC255-01,기초,3,LCC255-01,분자유전학,3,심재경,"화2.5-3.5,목2.5-3.5","S102,S102"
LCC257-01,기초,1,LCC257-01,바이오제약공학전공진로탐색,1,이창규,수4.0-4.5,S102
LCC260-01,기초,3,LCC260-01,스마트기기분석및실험,3,박태규,"월7.0-8.5,월9.0-10.5","S102,S304"
LCC261-01,기초,2,LCC261-01,세포배양학실험,2,김태우,수5.0-8.5,S309
MAT102-01,기초,3,MAT102-01,응용수학2,3,김성아,"월7.0-8.5,수6.0-6.5","S201,S201"
MAT207-01,기초,3,MAT207-01,해석학2,3,김지은,화2.5-5.0,S302
MAT208-01,기초,3,MAT208-01,정수론,3,최동식,월1.0-3.5,S201
MAT209-01,기초,3,MAT209-01,해석기하,3,이화정,"화1.0-2.0,수1.0-2.0","S201,S201"
MAT211-01,기초,3,MAT211-01,선형대수학2,3,최동식,월4.0-6.5,S302
MCP102-01,기초,3,MCP102-01,자비명상,3,임인영,화1.0-3.5,C101
MCP103-01,기초,3,MCP103-01,심리학개론,3,김동진,목2.0-4.5,D406
MCP104-01,기초,1,MCP104-01,명상심리상담전공진로탐색,1,김종두,화4.0-4.5,K301
MCP204-01,기초,3,MCP204-01,명상과인지치료,3,안양규,목5.0-7.5,D403
MCP205-01,기초,3,MCP205-01,이상심리학,3,이영림,"화5.5-6.5,수5.5-6.5","K301,K301"
MIT202-01,기초,1,MIT202-01,정보경영학전공진로탐색,1,이영찬,월4.0-4.5,B306
NUR102-01,기초,1,NUR102-01,한방간호학,1,황가희,화4.0-4.5,A208
NUR102-02,기초,1,NUR102-02,한방간호학,1,황가희,화5.0-5.5,A208
NUR104-01,기초,1,NUR104-01,국제전문직론,1,박미경,화3.0-3.5,A309
NUR104-02,기초,1,NUR104-02,국제전문직론,1,박미경,화2.0-2.5,A309
NUR211-01,기초,2,NUR211-01,약물과간호,2,백영미,목6.0-7.5,M402
NUR211-02,기초,2,NUR211-02,약물과간호,2,백영미,목8.0-9.5,M404
NUR212-01,기초,2,NUR212-01,기본간호학2,2,백설향,월1.0-2.5,M402
NUR212-02,기초,2,NUR212-02,기본간호학2,2,백설향,월3.0-4.5,M404
NUR213-01,기초,1.5,NUR213-01,기본간호학실습2,1.5,신영진,수6.0-8.5,H109
NUR213-02,기초,1.5,NUR213-02,기본간호학실습2,1.5,류이슬,금1.0-3.5,H109
NUR213-03,기초,1.5,NUR213-03,기본간호학실습2,1.5,신영진,금4.0-6.5,H109
NUR213-04,기초,1.5,NUR213-04,기본간호학실습2,1.5,신영진,금7.0-9.5,H109
NUR214-01,기초,1.5,NUR214-01,성인간호학1,1.5,조수옥,목8.0-9.0,M402
NUR214-02,기초,1.5,NUR214-02,성인간호학1,1.5,조수옥,목6.5-7.5,M404
NUR215-01,기초,2,NUR215-01,인간관계와정신건강,2,김인홍,수3.0-4.5,M402
NUR215-02,기초,2,NUR215-02,인간관계와정신건강,2,김인홍,수1.0-2.5,M404
NUR216-01,기초,2,NUR216-01,성장발달과건강,2,어용숙,목3.0-4.5,M402
NUR216-02,기초,2,NUR216-02,성장발달과건강,2,어용숙,목1.0-2.5,M404
NUR217-01,기초,2,NUR217-01,다문화사회와건강,2,황가희,수1.0-2.5,M402
NUR217-02,기초,2,NUR217-02,다문화사회와건강,2,황가희,수3.0-4.5,M404
NUR218-01,기초,2,NUR218-01,인체구조와기능2,2,박슬기,월3.0-4.5,M402
NUR218-02,기초,2,NUR218-02,인체구조와기능2,2,박슬기,월1.0-2.5,M404
NUR219-01,기초,2,NUR219-01,감염과간호,2,백영미,목1.0-2.5,M402
NUR219-02,기초,2,NUR219-02,감염과간호,2,백영미,목3.0-4.5,M404
OPC102-01,기초,3,OPC102-01,한의학개론2,3,양인준,"화5.0-6.0,목3.0-4.0","M301,M301"
OPC105-01,기초,2,OPC105-01,한의학한문2,2,장희욱,목7.0-8.5,M301
OPC210-01,기초,2,OPC210-01,중국어강독4,2,임융지,수1.0-2.5,M401
OPC210-02,기초,2,OPC210-02,중국어강독4,2,김영인,월1.0-2.5,M401
OPC211-01,기초,2,OPC211-01,의고문2,2,김성원,목0.0-2.5,M401
OPC212-01,기초,2,OPC212-01,임상본초학1,2,박용기,화1.0-2.5,M401
OPC213-01,기초,1,OPC213-01,발생학2,1,박준하,금2.0-3.5,M401
OPC214-01,기초,1,OPC214-01,의학영어2,1,손광락,목3.0-4.5,M401
OPC215-01,기초,2,OPC215-01,동양철학사2,2,이고경,금4.0-5.5,M401
OPC216-01,기초,4,OPC216-01,해부학및실습2,4,박인식,"수3.0-4.5,목6.0-9.5,금6.0-9.5","M401,M405,M405"
OPC217-01,기초,2,OPC217-01,조직학및실습2,2,박준하,"화6.0-7.5,수6.0-7.5,수8.0-9.5","M401,M406,M406"
OPC218-01,기초,3,OPC218-01,생화학및실습2,3,김수아,"월6.0-7.5,월8.0-9.5,화3.0-4.5","M306,M306,M401"
OPC219-01,기초,2,OPC219-01,의학통계학및실습,2,이장원,"월4.0-5.0,화8.0-8.5","M401,M401"
PAI102-01,기초,2,PAI102-01,기초회화2,2,강민정,화2.0-4.5,J401
PAI104-01,기초,2,PAI104-01,웹툰의이해와창작2,2,신명환,목6.0-8.5,J401
PAI202-01,기초,2,PAI202-01,회화2,2,강민정,금2.0-4.5,J402
PAI204-01,기초,2,PAI204-01,입체조형2,2,백수현,목2.0-4.5,J402
PAI206-01,기초,2,PAI206-01,드로잉실기2,2,변동열,수6.0-8.5,J402
PRE102-01,기초,2,PRE102-01,유기화학,2,차승훈,금5.5-7.0,M103
PRE103-01,기초,2,PRE103-01,의학통계및실습,2,박지혁,"금1.5-3.5,금1.5-3.5","M101,H106"
PRE104-01,기초,1,PRE104-01,예비의사되기2,1,우주한,목5.5-8.0,H106
PRE210-01,기초,3,PRE210-01,분자세포생물학,3,구태원,,
PRE211-01,기초,3,PRE211-01,일반생리학,3,우주한,,
PRE212-01,기초,6,PRE212-01,맨눈해부학,6,박진서,,
PRE213-01,기초,3,PRE213-01,의학미생물학,3,김희수,,
PRE214-01,기초,1,PRE214-01,기본약리학,1,남경수,,
PRE215-01,기초,2,PRE215-01,기초신경과학,2,박진서,,
PRE216-01,기초,1,PRE216-01,의료직업체험,1,박승윤,,
PRE217-01,기초,1,PRE217-01,인문과학토의2,1,김상규,,
SAE279-01,기초,3,SAE279-01,화공안전,3,김민,"목2.5-3.5,금2.5-3.5","S101,S101"
SAE280-01,기초,3,SAE280-01,통합시스템안전,3,원종일,"화5.5-6.5,수2.5-3.5","K303,K303"
SAE283-01,기초,3,SAE283-01,과제중심문제해결,3,김영찬,목1.0-3.5,K303
SAE283-02,기초,3,SAE283-02,과제중심문제해결,3,김주원,수5.5-8.0,K303
SAE283-03,기초,3,SAE283-03,과제중심문제해결,3,강현숙,수7.0-9.5,A110
SCI201-01,기초,3,SCI201-01,스마트시티기초설계,3,김종식,월4.0-6.5,K301
SOA101-01,기초,2,SOA101-01,한국체육사,2,정우진,수7.0-8.5,A322
SOA104-01,기초,1,SOA104-01,유도,1,김석규,화5.0-6.5,G115
SOA108-01,기초,1,SOA108-01,체조,1,안나영,월2.0-3.5,G101
SOA109-01,기초,1,SOA109-01,태권도,1,서동일,수2.0-3.5,G115
SOA112-01,기초,1,SOA112-01,수영2,1,박혜정,목5.0-6.5,G111
SOA209-01,기초,2,SOA209-01,운동역학,2,김병훈,목5.0-6.5,G202
SOA210-01,기초,2,SOA210-01,기능해부학,2,김병훈,화5.0-6.5,A322
SOA211-01,기초,2,SOA211-01,트레이닝방법및실습,2,하성,월5.0-7.5,G202
SOA213-01,기초,2,SOA213-01,건강체력측정평가,2,서동일,월2.0-4.5,G203
SOA215-01,기초,1,SOA215-01,스포츠전공지도실기2,1,하성,수5.0-6.5,G101
SOA215-02,기초,1,SOA215-02,스포츠전공지도실기2,1,서동일,수5.0-6.5,G108
SOA215-03,기초,1,SOA215-03,스포츠전공지도실기2,1,김석규,수5.0-6.5,G115
SOA215-04,기초,1,SOA215-04,스포츠전공지도실기2,1,정우진,수5.0-6.5,G112
SOA216-01,기초,1,SOA216-01,스키,1,김석규,금0.0-1.5,G202
SOA217-01,기초,1,SOA217-01,뉴스포츠,1,김병훈,수7.0-8.5,G102
SOA218-01,기초,1,SOA218-01,배구,1,하성,금2.0-3.5,G101
SOA220-01,기초,2,SOA220-01,스포츠경영학,2,김석규,목2.0-3.5,G202
SOC102-01,기초,3,SOC102-01,자원봉사론,3,이창훈,목7.0-9.5,B101
SOC103-01,기초,3,SOC103-01,인간행동과사회환경,3,이은희,"월5.5-6.5,화2.5-3.5","B402,B402"
SOC103-02,기초,3,SOC103-02,인간행동과사회환경,3,이은희,"월7.5-8.5,화4.5-5.5","B301,B301"
SOC104-01,기초,1,SOC104-01,사회복지학전공진로탐색,1,설진화,목6.0-6.5,B301
SOC205-01,기초,3,SOC205-01,사회보장론,3,김소정,금2.5-5.0,B402
SOC206-01,기초,3,SOC206-01,지역사회복지론,3,김현수,"월4.0-5.0,목5.0-6.0","B409,B409"
SOC206-02,기초,3,SOC206-02,지역사회복지론,3,김현수,"월6.0-7.0,목7.0-8.0","B101,B409"
SOC207-01,기초,3,SOC207-01,사회복지실천기술론,3,설진화,"월2.5-3.5,수5.5-6.5","B301,B301"
SOC207-02,기초,3,SOC207-02,사회복지실천기술론,3,설진화,"월5.5-6.5,수2.5-3.5","B301,B301"
SOC210-01,기초,3,SOC210-01,사회복지자료분석론,3,이은주,목2.0-4.5,B205
SOM105-01,기초,2,SOM105-01,스포츠윤리학,2,김석규,수3.0-4.5,G203
SOM106-01,기초,2,SOM106-01,인체해부학,2,김병훈,화2.0-3.5,A322
SOM107-01,기초,1,SOM107-01,육상,1,하성,금5.0-6.5,G101
SOM108-01,기초,1,SOM108-01,수영2,1,박혜정,목2.0-3.5,G111
SSE202-01,기초,3,SSE202-01,공학프로그래밍,3,권구영,"월5.0-6.5,목5.0-6.5","D201,D201"
SSE221-01,기초,3,SSE221-01,위험물시설론,3,김주원,"화2.5-3.5,목1.0-2.0","S504,S101"
SSE276-01,기초,3,SSE276-01,재료역학,3,우흥식,"월7.0-8.0,화1.0-2.0","S101,S101"
SSE278-01,기초,1,SSE278-01,도학및CAD,1,조성제,목7.0-8.5,A205
THM205-01,기초,3,THM205-01,관광경제학,3,심재명,"월8.5-9.5,수7.0-8.0","B501,B501"
THM205-02,기초,3,THM205-02,관광경제학,3,심재명,"수8.5-9.5,목8.5-9.5","B501,B405"
THM206-01,기초,3,THM206-01,호텔관광재무회계,3,전용태,월2.5-5.0,B405
THM206-02,기초,3,THM206-02,호텔관광재무회계,3,전용태,월5.5-8.0,B501
THM207-01,기초,3,THM207-01,호텔관광영어,3,임선희,금1.0-3.5,B406
THM208-01,기초,3,THM208-01,관광인류학,3,김혜란,화2.5-5.0,B307
THM208-02,기초,3,THM208-02,관광인류학,3,한진석,월1.0-3.5,B406
THM209-01,기초,1,THM209-01,호텔관광경영전공진로탐색,1,이준엽,금4.0-4.5,B501
WCA103-01,기초,3,WCA103-01,케이컬처와한국어,3,장혜진,화4.0-6.5,A306
WCA104-01,기초,3,WCA104-01,웹소설창작기초,3,오태영,"월5.5-6.5,수5.5-6.5","A306,A306"
AAH303-01,전문,3,AAH303-01,한국조각사,3,송은석,화1.5-4.0,A319
AAH306-01,전문,3,AAH306-01,한국회화사,3,차윤정,월7.0-9.5,A322
AAH308-01,전문,3,AAH308-01,선사고고학2,3,강동석,월2.0-4.5,A110
AAH309-01,전문,3,AAH309-01,역사고고학2,3,강현숙,수2.0-4.5,A110
AAH310-01,전문,3,AAH310-01,원사고고학,3,이원태,금7.0-9.5,A319
AAH312-01,전문,3,AAH312-01,도시와건축의문화사,3,한정호,"목2.0-3.5,토7.0-7.5","A110,A319"
AAH319-01,전문,2,AAH319-01,큐레이터실무2,2,송은석,목5.0-6.5,A319
AAH324-01,전문,2,AAH324-01,고고미술사학취창업세미나,2,한정호,수5.0-6.5,A319
AAH404-01,전문,2,AAH404-01,역사고고학세미나,2,이동헌,목2.0-3.5,A304
AAH406-01,전문,3,AAH406-01,일본미술사,3,한정호,수7.0-9.5,A319
AAH408-01,전문,3,AAH408-01,스마트시티고고학특강,3,강현숙,월7.0-9.5,A110
ACT306-01,전문,3,ACT306-01,세법2,3,오종문,"월7.0-8.0,수1.0-2.0","B303,B303"
ACT308-01,전문,3,ACT308-01,주식시장과회계,3,오종문,"화2.5-3.5,목1.0-2.0","B303,B303"
ACT309-01,전문,2,ACT309-01,창업과회계세무,2,백정한,월3.5-5.0,B308
ACT406-01,전문,3,ACT406-01,재무회계사례연구,3,김현아,목2.5-5.0,B407
ACT407-01,전문,3,ACT407-01,의사결정회계,3,정재진,"월7.0-8.0,수5.5-6.5","B203,B203"
ACT408-01,전문,3,ACT408-01,세무회계사례연구,3,백정한,"월8.5-9.5,수2.5-3.5","B303,B201"
ACT409-01,전문,3,ACT409-01,비영리회계,3,백정한,목7.0-9.5,B303
ACT410-01,전문,2,ACT410-01,회계학전공취업세미나2,2,길종구,화5.0-6.5,B407
AMC305-01,전문,3,AMC305-01,기기분석및실험2,3,김상욱,"수6.0-7.5,수8.0-9.5","S202,S206"
AMC306-01,전문,3,AMC306-01,유기합성및실험1,3,이준희,"월6.0-7.5,월8.0-9.5","M303,S208"
AMC308-01,전문,3,AMC308-01,유기금속소재화학및실험,3,이강욱,금6.0-9.5,S202
AMC309-01,전문,4,AMC309-01,분광학및실험,4,조장훈,목5.0-9.5,M304
AMC406-01,전문,3,AMC406-01,유기신소재특론,3,이준희,"화1.5-2.5,수2.0-3.0","S202,S202"
AMC407-01,전문,3,AMC407-01,분리분석특론,3,박영조,금1.0-3.5,E301
AMC408-01,전문,3,AMC408-01,신소재화학특론,3,김종문,수7.0-10.5,M303
AMC409-01,전문,2,AMC409-01,신소재물리화학,2,김종문,수5.0-6.5,M303
AMC412-01,전문,2,AMC412-01,신소재화학취업세미나,2,이준희,목2.0-3.5,S202
AMC414-01,전문,3,AMC414-01,화학실험종합설계2,3,이준희,목5.0-10.5,S208
AMC414-02,전문,3,AMC414-02,화학실험종합설계2,3,김상욱,목5.0-10.5,S206
APO305-01,전문,3,APO305-01,교정학,3,김수민,목1.0-3.5,B310
APO306-01,전문,3,APO306-01,21세기정치와사회,3,황의서,"월2.5-3.5,화2.5-3.5","B202,B202"
APO307-01,전문,3,APO307-01,행정경찰사례연구,3,김현욱,금4.0-6.5,B310
APO402-01,전문,2,APO402-01,행정경찰공공학취업세미나2,2,이승현,목7.0-8.5,A309
APO405-01,전문,3,APO405-01,민간경비론,3,이창근,월5.5-8.0,B302
BCC306-01,전문,3,BCC306-01,아동과학지도,3,이지희,금2.0-4.5,D402
BCC307-01,전문,3,BCC307-01,청소년상담,3,이영림,"화2.0-3.0,수2.0-3.0","D409,D408"
BCC308-01,전문,3,BCC308-01,아동관찰및행동연구,3,이지희,"월6.0-8.5,목2.0-4.5","D406,D407"
BCC309-01,전문,3,BCC309-01,보육교사론,3,민희정,"수6.5-7.5,목6.5-7.5","D409,K301"
BCC310-01,전문,3,BCC310-01,불교아동보육종합설계,3,이소정,화4.0-6.5,D409
BCC405-01,전문,3,BCC405-01,명상과미술치료,3,김경애,화4.0-6.5,D407
BCC406-01,전문,3,BCC406-01,심리측정및평가,3,윤성원,"월7.0-8.0,목4.0-5.0","D409,D409"
BCC407-01,전문,3,BCC407-01,어린이집운영관리,3,이은영,수4.0-6.5,D406
BCC408-01,전문,3,BCC408-01,부모교육,3,김경애,수7.0-9.5,D406
BCC409-01,전문,2,BCC409-01,불교아동보육취업세미나,2,김종두,금8.0-9.5,D409
BDG302-01,전문,2,BDG302-01,시각디자인연구2,2,박순옥,월2.0-4.5,J303
BDG302-02,전문,2,BDG302-02,시각디자인연구2,2,박순옥,월6.0-8.5,J303
BDG304-01,전문,2,BDG304-01,UXUI디자인2,2,김민정,목2.0-4.5,J303
BDG304-02,전문,2,BDG304-02,UXUI디자인2,2,김민정,목6.0-8.5,J303
BDG306-01,전문,2,BDG306-01,브랜드디자인2,2,박영주,화2.0-4.5,J303
BDG306-02,전문,2,BDG306-02,브랜드디자인2,2,박영주,수2.0-4.5,J303
BDG402-01,전문,2,BDG402-01,시각디자인연구4,2,유우진,금2.0-4.5,J304
BDG402-02,전문,2,BDG402-02,시각디자인연구4,2,유우진,금6.0-8.5,J304
BDG404-01,전문,2,BDG404-01,패키지디자인프로젝트2,2,문석진,월2.0-4.5,J304
BDG404-02,전문,2,BDG404-02,패키지디자인프로젝트2,2,문석진,월6.0-8.5,J304
BDG406-01,전문,2,BDG406-01,인터랙션미디어디자인2,2,이현순,수2.0-4.5,J304
BDG406-02,전문,2,BDG406-02,인터랙션미디어디자인2,2,이현순,수6.0-8.5,J304
BPE308-01,전문,3,BPE308-01,바이러스학,3,김태우,"월2.5-3.5,화2.5-3.5","M303,M303"
BPE310-01,전문,3,BPE310-01,스마트제제공학2,3,이창규,"목1.0-2.0,금1.0-2.0","S102,S102"
BPE311-01,전문,1,BPE311-01,스마트제제공학실습,1,이창규,금2.5-4.0,S304
BPE315-01,전문,3,BPE315-01,분자생물학,3,심재경,수1.0-3.5,S102
BPE316-01,전문,2,BPE316-01,피부생리학,2,강석용,목6.0-7.5,S102
BPE317-01,전문,3,BPE317-01,분자면역학,3,김태우,"월1.0-2.0,화1.0-2.0","M303,M303"
BPE352-01,전문,2,BPE352-01,바이오제약공학취창업세미나,2,김태우,목4.0-5.5,M303
BPE410-01,전문,3,BPE410-01,바이오의약품제조품질관리및법규,3,이창규,화4.0-6.5,S102
BUD309-01,전문,3,BUD309-01,천태학,3,김종두,월7.0-9.5,D402
BUD311-01,전문,3,BUD311-01,불교인식론,3,김영진,"수5.5-6.5,목2.5-3.5","D402,D403"
BUD313-01,전문,3,BUD313-01,불교문화콘텐츠기획과실제,3,석길암,월2.0-4.5,D402
BUD314-01,전문,3,BUD314-01,불교와심신의학,3,김성철,"월5.0-6.0,화1.0-2.0","D402,D402"
BUD318-01,전문,3,BUD318-01,종교철학,3,우명주,수3.0-5.5,D401
BUD322-01,전문,3,BUD322-01,사찰문화와종무행정,3,이민경,금1.0-3.5,D401
BUD405-01,전문,3,BUD405-01,논서강독(기신론),3,김영진,"월5.0-6.0,화5.0-6.0","D407,D403"
BUD407-01,전문,3,BUD407-01,불교원전언어,3,김성철,"화5.0-6.0,수1.0-2.0","D401,D401"
BUD409-01,전문,3,BUD409-01,화엄학,3,석길암,"월6.5-7.5,화2.5-3.5","D401,D402"
BUD410-01,전문,3,BUD410-01,불교문화상품개발세미나,3,김소희,월2.0-4.5,D408
BUD413-01,전문,3,BUD413-01,세계불교문화유산기행,3,안양규,"수2.5-3.5,목2.5-3.5","D402,D401"
BUD414-01,전문,3,BUD414-01,현대종교,3,김혜범,목5.0-7.5,D401
BUD418-01,전문,3,BUD418-01,사원공간의이해,3,정준기,수5.5-8.0,D403
BUM302-01,전문,2,BUM302-01,불교회화표현실습2,2,정병국,월6.0-8.5,A103
BUM312-01,전문,2,BUM312-01,불교회화모사실습2,2,박명순,수6.0-8.5,A103
BUM314-01,전문,2,BUM314-01,불교장엄디자인2,2,박미주,화2.0-4.5,A103
BUM402-01,전문,2,BUM402-01,불교채색화2,2,정병국,월2.0-4.5,A104
BUM414-01,전문,2,BUM414-01,단청연구2,2,홍관식,금2.0-4.5,A104
BUM416-01,전문,2,BUM416-01,모사연구2,2,최무상,목2.0-4.5,A104
CCP304-01,전문,3,CCP304-01,웹툰콘텐츠디자인,3,신명환,목2.0-4.5,J307
CCP305-01,전문,3,CCP305-01,문화콘텐츠마케팅,3,허원현,금1.0-3.5,B401
CLL308-01,전문,3,CLL308-01,중국현대문학사,3,이민경,월5.0-7.5,A305
CLL309-01,전문,3,CLL309-01,중국문화콘텐츠,3,이은민,"화1.0-2.0,목5.5-6.5","A302,A304"
CLL310-01,전문,3,CLL310-01,중국명저와인문학,3,백승석,수2.0-4.5,A302
CLL311-01,전문,2,CLL311-01,중어중문학취업세미나,2,강종임,수8.0-9.5,A302
CLL403-01,전문,3,CLL403-01,중국어권문화,3,이은민,"월1.0-2.0,수7.0-8.0","A302,A323"
CLL405-01,전문,3,CLL405-01,비즈니스실용중국어,3,우강식,목7.0-9.5,A302
CLL407-01,전문,3,CLL407-01,중국사곡과가요,3,백승석,수5.5-8.0,A304
COM302-01,전문,3,COM302-01,데이타베이스,3,노은영,월2.0-4.5,S406
COM302-02,전문,3,COM302-02,데이타베이스,3,노은영,월6.0-8.5,S406
COM304-01,전문,3,COM304-01,운영체제,3,오승현,"월2.5-3.5,수5.5-6.5","S402,S402"
COM304-02,전문,3,COM304-02,운영체제,3,오승현,"월5.5-6.5,수2.5-3.5","S402,S402"
COM306-01,전문,3,COM306-01,인공지능,3,김진석,"화1.0-2.0,수2.5-3.5","S406,S501"
COM306-02,전문,3,COM306-02,인공지능,3,김진석,"화4.0-5.0,수5.5-6.5","S409,S409"
COM308-01,전문,3,COM308-01,네트워크프로그래밍,3,박기석,"월4.0-5.0,금1.0-2.0","S409,S406"
COM310-01,전문,3,COM310-01,소프트웨어공학,3,오승현,"화2.5-3.5,화5.5-6.5","S402,S402"
COM312-01,전문,2,COM312-01,정보기술융합창업,2,한창용,수8.0-9.5,S402
COM402-01,전문,3,COM402-01,영상처리,3,도재수,"화1.0-2.0,수2.5-3.5","S409,S409"
CPD302-01,전문,2,CPD302-01,문화상품디자인2,2,정영신,목2.0-4.5,J203
CPD304-01,전문,2,CPD304-01,공공디자인2,2,류완하,화2.0-4.5,J202
CPD308-01,전문,2,CPD308-01,제품디자인4,2,이창진,월6.0-8.5,J202
CPD402-01,전문,2,CPD402-01,문화상품프로젝트2,2,정영신,목6.0-8.5,J204
CPD406-01,전문,2,CPD406-01,공공디자인4,2,류완하,월6.0-8.5,J204
CPD408-01,전문,2,CPD408-01,문화상품마케팅기법2,2,홍재헌,금6.0-8.5,J204
ECE306-01,전문,3,ECE306-01,유아사회교육,3,조준오,화2.0-4.5,A112
ECE306-02,전문,3,ECE306-02,유아사회교육,3,조준오,수1.0-3.5,A109
ECE308-01,전문,3,ECE308-01,아동안전관리,3,우경애,수6.0-9.5,A112
ECE309-01,전문,3,ECE309-01,부모교육론,3,김은경,목1.0-3.5,M102
ECE405-01,전문,3,ECE405-01,정신건강,3,우경애,수1.0-4.5,A112
ECE406-01,전문,3,ECE406-01,특수아동이해,3,권소연,월4.0-6.5,A112
ECE407-01,전문,3,ECE407-01,유아교육기관운영관리,3,안현정,금1.0-4.5,A113
ECE407-02,전문,3,ECE407-02,유아교육기관운영관리,3,안현정,금6.0-9.5,A113
ECE408-01,전문,3,ECE408-01,보육실습,3,김혜순,"화1.0-3.5,목4.0-6.5","A113,A113"
ECE408-02,전문,3,ECE408-02,보육실습,3,김혜순,"화4.0-6.5,목1.0-3.5","A113,A113"
ECE409-01,전문,3,ECE409-01,보육교사인성론,3,김경희,수4.0-6.5,A109
ECE409-02,전문,3,ECE409-02,보육교사인성론,3,김경희,수7.0-9.5,A109
EES306-01,전문,3,EES306-01,신소재공학,3,정창열,"화2.5-3.5,목5.5-6.5","E204,E204"
EES307-01,전문,3,EES307-01,제어계측실험,3,김유석,수5.0-8.5,E202
EES309-01,전문,3,EES309-01,원자로시스템공학,3,박종운,"화5.5-6.5,목2.5-3.5","E204,E204"
EES311-01,전문,3,EES311-01,에너지유체역학,3,류준형,월5.5-8.0,E204
EES406-01,전문,3,EES406-01,방사선기기및계측,3,김유석,"화1.0-2.0,목2.5-3.5","E202,E202"
EES407-01,전문,3,EES407-01,재생에너지공학,3,류준형,목5.5-8.0,E102
EES408-01,전문,3,EES408-01,원자력기준및규정,3,성게용,금4.5-7.0,E204
EES410-01,전문,2,EES410-01,에너지전기공학창업,2,류준형,수5.5-7.0,E204
EES414-01,전문,3,EES414-01,발전전력공학,3,박세훈,"월2.5-3.5,수2.5-3.5","E202,E202"
ENG302-01,전문,3,ENG302-01,아동문학과스토리텔링,3,황태경,"화4.0-5.0,목4.0-5.0","A303,A303"
ENG306-01,전문,3,ENG306-01,현대영문법,3,이경미,"월1.5-2.5,금3.0-4.0","A303,A303"
ENG307-01,전문,3,ENG307-01,영미드라마의이해,3,김영훈,월2.0-4.5,A322
ENG308-01,전문,2,ENG308-01,영어작문연습,2,폴그로바,목5.5-7.0,A303
ENG309-01,전문,2,ENG309-01,영어영문학취업세미나,2,김영훈,수7.0-8.5,A303
ENG402-01,전문,3,ENG402-01,영미소설의이해,3,김영훈,목5.5-8.0,A322
ENG406-01,전문,3,ENG406-01,전산영어학,3,송민영,"월7.0-8.0,수7.0-8.0","A205,A205"
ENG407-01,전문,3,ENG407-01,영미시의이해,3,황태경,"목1.0-2.0,금1.0-2.0","A303,A303"
ENG408-01,전문,3,ENG408-01,영어와사회,3,송민영,"월8.5-9.5,수5.5-6.5","A323,A323"
ENG409-01,전문,3,ENG409-01,포스트모던문화이론,3,구본철,"화5.5-6.5,목2.5-3.5","A303,A303"
ERC343-01,전문,3,ERC343-01,유아교재연구및지도법,3,김정선,"목4.0-6.5,금7.0-9.5","A109,A109"
ERC343-02,전문,3,ERC343-02,유아교재연구및지도법,3,김정선,"목7.0-9.5,금4.0-6.5","A109,A109"
ERC345-01,전문,3,ERC345-01,가정교재연구및지도법,3,주수언,"월1.0-2.5,수1.0-1.5","S509,S509"
ERC348-01,전문,3,ERC348-01,수학논리및논술,3,김성아,금1.5-4.0,S201
FSM306-01,전문,3,FSM306-01,식음료원가관리론,3,심희진,금2.0-4.5,B201
FSM307-01,전문,3,FSM307-01,외식창업사례연구,3,김창일,월7.0-9.5,B307
FSM308-01,전문,3,FSM308-01,제과제빵실습,3,김보람,월2.0-5.5,R102
FSM308-02,전문,3,FSM308-02,제과제빵실습,3,김보람,월6.0-9.5,R102
FSM309-01,전문,3,FSM309-01,식문화론,3,유경아,수4.0-6.5,B406
FSM310-01,전문,3,FSM310-01,외식산업프로모션실무,3,전현모,화4.0-6.5,B406
FSM311-01,전문,2,FSM311-01,조리외식경영취업세미나,2,전현모,금5.0-6.5,B201
FSM405-01,전문,3,FSM405-01,레스토랑운영실무2,3,김영중,화2.0-5.5,R102
FSM406-01,전문,3,FSM406-01,외식산업과법,3,전병길,수2.5-5.0,B307
FSM407-01,전문,3,FSM407-01,음식평론과스토리텔링개발,3,유경아,수7.0-9.5,B406
FSM408-01,전문,3,FSM408-01,사찰음식의이해,3,김정희,금7.0-9.5,B201
GEC305-01,전문,3,GEC305-01,국제금융론,3,이승은,금7.0-9.5,B308
GEC306-01,전문,3,GEC306-01,노동경제론,3,예병환,수1.0-3.5,B308
GEC307-01,전문,3,GEC307-01,국제협상의이론과실제,3,김미정,"월5.5-6.5,화5.5-6.5","B304,B304"
GEC307-02,전문,3,GEC307-02,국제협상의이론과실제,3,김미정,월2.5-5.0,B304
GEC308-01,전문,3,GEC308-01,전자무역,3,딴툿우,"월4.0-5.0,화2.5-3.5","B203,B203"
GEC309-01,전문,3,GEC309-01,비교문화경영론,3,이상광,수4.0-6.5,B404
GEC309-02,전문,3,GEC309-02,비교문화경영론,3,이상광,수7.0-9.5,B404
GEC310-01,전문,3,GEC310-01,산업정책론,3,최미호,목7.0-9.5,B304
GEC311-01,전문,3,GEC311-01,재정학,3,최미호,목4.0-6.5,B304
GEC312-01,전문,3,GEC312-01,해외지역경제론,3,민윤지,목4.0-6.5,B308
GEC406-01,전문,3,GEC406-01,서비스무역세미나,3,정재승,금7.0-9.5,B304
GEC408-01,전문,3,GEC408-01,경제학세미나2,3,양희진,"화5.5-6.5,목4.0-5.0","B404,B404"
GEC409-01,전문,3,GEC409-01,국제금융시장론,3,양희진,수7.0-9.5,B304
GEC410-01,전문,3,GEC410-01,해상보험,3,정성훈,,
GEC412-01,전문,3,GEC412-01,지역통상마케팅,3,딴툿우,목1.0-3.5,B308
GEC413-01,전문,3,GEC413-01,개방경제세미나,3,민윤지,목7.0-9.5,B308
GEC416-01,전문,2,GEC416-01,수출입과창업,2,딴툿우,목5.0-6.5,B408
GEC417-01,전문,2,GEC417-01,글로벌창업세미나,2,고민환,금1.0-2.5,B404
GSB322-01,전문,3,GSB322-01,글로벌금융서비스,3,이건형,월7.0-9.5,B404
GSB330-01,전문,3,GSB330-01,국제관계시뮬레이션,3,고민환,"화1.0-2.0,목2.5-3.5","B408,B408"
GSB340-01,전문,3,GSB340-01,인적자원과국제무역,3,정재승,금4.0-6.5,B304
GTE303-01,전문,3,GTE303-01,전시마케팅실습,3,정성훈,수6.0-9.5,B408
GTE401-01,전문,3,GTE401-01,투르크비교문화경영,3,정성훈,목7.0-9.5,B404
HOM306-01,전문,3,HOM306-01,가족상담의이론과실제,3,박순천,목3.0-5.5,S509
HOM307-01,전문,3,HOM307-01,외국조리,3,최정은,금6.0-9.5,S508
HOM308-01,전문,3,HOM308-01,글로벌복식문화사,3,정미실,"화5.5-6.5,금1.0-2.0","S404,S404"
HOM404-01,전문,3,HOM404-01,소비자정책및소비자상담,3,박명숙,"월3.0-4.0,화3.0-4.0","S503,S503"
HOM405-01,전문,3,HOM405-01,가정생활과복지,3,박순천,목7.0-9.5,S509
HOM406-01,전문,3,HOM406-01,영양교육과매체제작,3,김지은,수4.0-6.5,S509
HOM407-01,전문,3,HOM407-01,가정관리세미나,3,박명숙,수1.0-3.5,S503
HOM408-01,전문,3,HOM408-01,주거및실내디자인,3,주수언,"화5.0-6.0,목1.0-2.0","S503,S509"
ICE305-01,전문,3,ICE305-01,디지털무선통신,3,강법주,"월2.0-3.0,수5.5-6.5","E302,E302"
ICE306-01,전문,3,ICE306-01,컴퓨터통신망,3,장익현,"수1.0-2.0,목1.0-2.0","E503,E503"
ICE307-01,전문,3,ICE307-01,네트워크프로그래밍요소설계,3,반상우,화1.0-3.5,E303
ICE308-01,전문,3,ICE308-01,디지털시스템설계및실험,3,남윤석,"화5.0-6.0,수7.0-8.0","E503,E503"
ICE310-01,전문,3,ICE310-01,소프트웨어엔지니어링,3,이동애,금1.0-3.5,E302
ICE405-01,전문,3,ICE405-01,임베디드시스템응용및실습,3,장유진,"화2.0-3.5,수7.0-8.5","E502,E502"
ICE406-01,전문,3,ICE406-01,정보보안및응용,3,배성현,수1.0-3.5,E302
IDK305-01,전문,3,IDK305-01,국악전공실기6,3,윤숙자,월4.0-6.5,Y303
IDK305-02,전문,3,IDK305-02,국악전공실기6,3,차영수,수1.0-3.5,Y205
IDK305-03,전문,3,IDK305-03,국악전공실기6,3,오경수,월10.0-12.5,Y204
IDK305-04,전문,3,IDK305-04,국악전공실기6,3,신찬선,목5.0-7.5,Y405
IDK305-05,전문,3,IDK305-05,국악전공실기6,3,김백송,화4.0-6.5,Y213
IDK305-06,전문,3,IDK305-06,국악전공실기6,3,김영리,수4.0-6.5,Y213
IDK305-07,전문,3,IDK305-07,국악전공실기6,3,홍장미,목4.0-6.5,Y223
IDK305-08,전문,3,IDK305-08,국악전공실기6,3,김응기,화1.0-3.5,Y301
IDK305-09,전문,3,IDK305-09,국악전공실기6,3,김효원,수4.0-6.5,Y405
IDK305-10,전문,3,IDK305-10,국악전공실기6,3,한성열,수9.0-11.5,Y401
IDK307-01,전문,3,IDK307-01,공연실습6,3,김응기,월7.0-9.5,Y303
IDK308-01,전문,3,IDK308-01,부전공실기6,3,차영수,수7.0-9.5,Y304
IDK308-02,전문,3,IDK308-02,부전공실기6,3,정경숙,수4.0-6.5,Y303
IDK308-03,전문,3,IDK308-03,부전공실기6,3,한성열,수6.0-8.5,Y401
IDK308-05,전문,3,IDK308-05,부전공실기6,3,김유나,목7.0-9.5,Y303
IDK308-06,전문,3,IDK308-06,부전공실기6,3,정유민,목7.0-9.5,Y302
IDK405-01,전문,3,IDK405-01,국악전공실기8,3,윤숙자,월7.0-9.5,Y206
IDK405-02,전문,3,IDK405-02,국악전공실기8,3,차영수,수4.0-6.5,Y205
IDK405-03,전문,3,IDK405-03,국악전공실기8,3,오경수,수10.0-12.5,Y204
IDK405-04,전문,3,IDK405-04,국악전공실기8,3,이관웅,화4.0-6.5,Y208
IDK405-05,전문,3,IDK405-05,국악전공실기8,3,신찬선,목8.0-10.5,Y405
IDK405-06,전문,3,IDK405-06,국악전공실기8,3,김백송,화10.0-12.5,Y213
IDK405-07,전문,3,IDK405-07,국악전공실기8,3,홍장미,목10.0-12.5,Y223
IDK405-08,전문,3,IDK405-08,국악전공실기8,3,손인애,화4.0-6.5,Y404
IDK405-09,전문,3,IDK405-09,국악전공실기8,3,이관웅,화1.0-3.5,Y212
IDK405-10,전문,3,IDK405-10,국악전공실기8,3,김응기,화10.0-12.5,Y301
IDK405-11,전문,3,IDK405-11,국악전공실기8,3,정용진,수1.0-3.5,Y402
IDK405-12,전문,3,IDK405-12,국악전공실기8,3,김영리,수7.0-9.5,Y231
IDK408-01,전문,3,IDK408-01,공연실습8,3,김응기,수1.0-3.5,Y303
IDP302-01,전문,3,IDP302-01,디지털영상학이해,3,김석한,목6.0-8.5,J307
IDP306-01,전문,3,IDP306-01,커뮤니케이션디자인의이해2,3,김세헌,금2.0-4.5,J307
IDP306-02,전문,3,IDP306-02,커뮤니케이션디자인의이해2,3,김세헌,금6.0-8.5,J307
IDP316-01,전문,2,IDP316-01,미술학취창업세미나,2,류완하,화5.0-6.5,A209
IDP404-01,전문,3,IDP404-01,불교회화론,3,진영,수6.0-8.5,A106
IMM301-01,전문,3,IMM301-01,소셜미디어경영,3,이종철,화1.0-3.5,B204
IMM403-01,전문,3,IMM403-01,모바일비즈니스,3,김의창,화4.0-6.5,B403
JAP309-01,전문,2,JAP309-01,일본어회화4,2,카네코유우키,화1.0-2.5,A324
JAP309-02,전문,2,JAP309-02,일본어회화4,2,에비나미유키,화1.0-2.5,A323
JAP313-01,전문,3,JAP313-01,일본어학의이해,3,조애숙,"월8.5-9.5,목1.0-2.0","A301,A301"
JAP316-01,전문,2,JAP316-01,일어일문학취업세미나,2,카네코유우키,화3.0-4.5,A324
JAP411-01,전문,3,JAP411-01,일본문학의이해,3,이창종,"화5.5-6.5,수1.0-2.0","A319,A301"
JAP412-01,전문,3,JAP412-01,일본어비지니스문서작성,3,카네코유우키,수7.0-9.5,A327
JAP414-01,전문,2,JAP414-01,일본어회화6,2,카네코유우키,월5.0-6.5,A301
JAP414-02,전문,2,JAP414-02,일본어회화6,2,에비나미유키,월5.0-6.5,A324
KOH301-01,전문,3,KOH301-01,조선시대사,3,김순한,목7.0-9.5,A321
KOH307-01,전문,3,KOH307-01,한국대외관계사,3,김신재,"화1.0-2.0,목1.0-2.0","A321,A321"
KOH308-01,전문,3,KOH308-01,서양현대사,3,박용희,"화2.5-3.5,목2.5-3.5","A320,A320"
KOH309-01,전문,3,KOH309-01,동아시아근대사,3,남영주,"월5.5-6.5,수5.5-6.5","A321,A321"
KOH310-01,전문,3,KOH310-01,서양중세사,3,박용희,"월2.5-3.5,수2.5-3.5","A320,A320"
KOH311-01,전문,2,KOH311-01,국사학취업세미나,2,박광연,목5.0-6.5,A321
KOH319-01,전문,3,KOH319-01,역사문화유산요소설계,3,박광연,수7.0-9.5,A321
KOH406-01,전문,3,KOH406-01,한국사연습,3,박성남,금4.0-6.5,A321
KOH408-01,전문,3,KOH408-01,한국사특강2,3,김순한,목1.0-3.5,A322
KOH410-01,전문,3,KOH410-01,역사문화콘텐츠종합설계,3,박광연,화4.0-6.5,A321
KOR301-01,전문,3,KOR301-01,옛말의역사와문화,3,변용우,금2.5-5.0,A305
KOR305-01,전문,3,KOR305-01,국문학사1,3,부영근,월2.0-4.5,A305
KOR318-01,전문,3,KOR318-01,현대드라마론,3,심우일,수4.0-6.5,A322
KOR320-01,전문,3,KOR320-01,방송구성입문,3,임원미,금7.0-9.5,A306
KOR321-01,전문,2,KOR321-01,국어국문학취업세미나,2,오태영,수2.0-3.5,A306
KOR323-01,전문,3,KOR323-01,한국어와한국문화,3,장혜진,목5.5-8.0,A305
KOR404-01,전문,3,KOR404-01,고전시가론,3,임선숙,금7.0-9.5,A305
KOR406-01,전문,3,KOR406-01,국어의미론,3,김억조,"화2.5-3.5,목2.5-3.5","A306,A306"
KOR407-01,전문,3,KOR407-01,한국한문학사,3,장도규,"화5.5-6.5,수5.5-6.5","A324,A324"
KOR417-01,전문,3,KOR417-01,편집기술론,3,변홍철,화1.0-3.5,A305
KOR418-01,전문,3,KOR418-01,방송시사교양작법,3,임원미,금4.0-6.5,A306
KOR421-01,전문,3,KOR421-01,현대문화연구,3,오태영,"월7.0-8.0,수7.0-8.0","A306,A306"
KTB302-01,전문,3,KTB302-01,불교음악론2,3,손인애,화10.0-12.5,Y404
KTB304-01,전문,3,KTB304-01,작법무이론2,3,김화미,월4.0-6.5,Y301
KTC303-01,전문,2,KTC303-01,장구반주법2,2,유용재,금10.0-11.5,Y405
KTC304-01,전문,2,KTC304-01,화성법2,2,안승철,화4.0-5.5,Y304
KTC404-01,전문,3,KTC404-01,합창합주지도법2,3,박경현,수10.0-12.5,Y304
KTM304-01,전문,3,KTM304-01,관현악6,3,이용탁,월10.0-12.5,Y302
KTM404-01,전문,3,KTM404-01,관현악8,3,이용탁,월13.0-15.5,Y302
LAN307-01,전문,3,LAN307-01,도시경관계획,3,이선호,화4.0-6.5,S511
LAN308-01,전문,3,LAN308-01,주거단지조경설계,3,이혁재,수1.0-4.5,S507
LAN308-02,전문,3,LAN308-02,주거단지조경설계,3,이혁재,목6.0-9.5,S507
LAN309-01,전문,3,LAN309-01,조경식재설계2,3,구민아,월1.5-5.0,S511
LAN309-02,전문,3,LAN309-02,조경식재설계2,3,구민아,월6.0-9.5,S511
LAN310-01,전문,3,LAN310-01,조경관리,3,허상현,목1.5-4.0,S510
LAN311-01,전문,2,LAN311-01,조경업창업의실제,2,허상현,수6.0-8.5,S510
LAN406-01,전문,3,LAN406-01,조경계획,3,이혁재,화1.0-3.5,S507
LAN407-01,전문,3,LAN407-01,산림치유론,3,이선호,수4.0-6.5,S511
LAN408-01,전문,3,LAN408-01,생태복원공학,3,장철규,수1.0-3.5,S510
MAT305-01,전문,3,MAT305-01,현대대수학2,3,최동식,월7.0-9.5,S302
MAT307-01,전문,3,MAT307-01,복소해석학2,3,김지은,월1.0-3.5,S302
MAT308-01,전문,3,MAT308-01,미분기하학2,3,이화정,"화5.5-6.5,수2.5-3.5","S302,S302"
MAT309-01,전문,3,MAT309-01,확률및통계,3,김현석,화1.0-3.5,S305
MAT404-01,전문,3,MAT404-01,실해석학,3,김지은,,
MAT405-01,전문,3,MAT405-01,수치해석과모델링,3,김성아,"월6.0-6.5,수7.0-8.5","S201,S201"
MAT406-01,전문,3,MAT406-01,컴퓨터와수학교육,3,이은경,목5.0-7.5,S305
MAT407-01,전문,3,MAT407-01,수학과교육과정및평가,3,정영우,금1.0-3.5,S305
MBT307-01,전문,3,MBT307-01,생화학2,3,박상신,"화1.0-2.0,목1.0-2.0","S303,S303"
MBT308-01,전문,2,MBT308-01,생화학실험2,2,박상신,수6.0-9.5,S107
MBT309-01,전문,3,MBT309-01,분자생물학2,3,소재선,"월2.5-3.5,수2.5-3.5","S506,S506"
MBT310-01,전문,2,MBT310-01,분자생물학실험,2,소재선,목6.0-9.5,S310
MBT311-01,전문,3,MBT311-01,면역학,3,한영환,"월5.5-6.5,화5.5-6.5","S506,S303"
MBT312-01,전문,3,MBT312-01,신경생물학,3,이현숙,금1.5-4.0,S303
MBT409-01,전문,3,MBT409-01,병원미생물학,3,한영환,"화2.5-3.5,목2.5-3.5","S303,S303"
MBT410-01,전문,3,MBT410-01,나노바이오공학,3,서성민,수5.5-8.0,S504
MBT411-01,전문,2,MBT411-01,바이오산업특론,2,한영환,수2.5-4.0,S504
MCP303-01,전문,3,MCP303-01,명상과뇌과학,3,김동진,목7.0-9.5,D408
MCP304-01,전문,3,MCP304-01,학업및성상담,3,이영림,"월5.5-6.5,목5.5-6.5","D411,D408"
MED101-01,전문,3,MED101-01,생체분자와대사,3,박승윤,,
MED102-01,전문,3,MED102-01,병원체학,3,김연,,
MED103-01,전문,3,MED103-01,조직병리학개론,3,장태정,,
MED104-01,전문,2,MED104-01,약리학특론,2,남경수,,
MED105-01,전문,3,MED105-01,기초순환호흡기학,3,장현수,,
MED106-01,전문,2,MED106-01,기초소화기학,2,장태정,,
MED107-01,전문,2.5,MED107-01,기초비뇨생식기학,2.5,문일수,,
MED108-01,전문,2.5,MED108-01,기초혈액종양학,2.5,이종임,,
MED109-01,전문,2.5,MED109-01,기초결합조직및내분비학,2.5,정용욱,,
MED110-01,전문,6,MED110-01,예방의학,6,유석주,,
MED111-01,전문,1,MED111-01,전공선택,1,정용욱,,
MED112-01,전문,5,MED112-01,임상적접근,5,황지영,,
MED113-01,전문,3,MED113-01,CP1감염,3,박성연,,
MED114-01,전문,2.5,MED114-01,CP2혈액종양노화영양,2.5,김도연,,
MED115-01,전문,1,MED115-01,인문사회의학,1,유석주,,
MED116-01,전문,1,MED116-01,지혜와리더십M1,1,장현수,,
MED117-01,전문,1,MED117-01,시기종합평가1,1,정용욱,,
MED201-01,전문,4,MED201-01,CP3순환기,4,배준호,,
MED202-01,전문,3.5,MED202-01,CP4호흡기알레르기,3.5,윤영순,,
MED203-01,전문,4.5,MED203-01,CP5소화기,4.5,임윤정,,
MED204-01,전문,4.5,MED204-01,CP6신경계,4.5,정상욱,,
MED205-01,전문,4.5,MED205-01,CP7신장비뇨기내분비,4.5,신성준,,
MED206-01,전문,2.5,MED206-01,CP8근골격,2.5,김진영,,
MED207-01,전문,5,MED207-01,CP9출산신생아소아성장,5,조승만,,
MED208-01,전문,3,MED208-01,CP10부인병성기능유방,3,양회생,,
MED209-01,전문,5,MED209-01,CP11인간의정신과행동,5,이광헌,,
MED210-01,전문,3,MED210-01,CP12피부감각기,3,박철용,,
MED211-01,전문,1,MED211-01,지혜와리더십M2,1,이종임,,
MED212-01,전문,1,MED212-01,의학연구1,1,우주한,,
MED213-01,전문,1,MED213-01,의사진로탐구,1,유석주,,
MED214-01,전문,1,MED214-01,시기종합평가2,1,김수진,,
MED215-01,전문,1,MED215-01,임상검사,1,정재우,,
MED301-01,전문,12,MED301-01,내과학실습,12,박재윤,,
MED302-01,전문,4,MED302-01,외과학실습,4,곽범석,,
MED303-01,전문,4,MED303-01,산부인과학실습,4,윤상호,,
MED304-01,전문,4,MED304-01,소아청소년과학실습,4,서유리,,
MED305-01,전문,4,MED305-01,정신건강의학실습,4,이남영,,
MED307-01,전문,1,MED307-01,외과학실습G ,1,김강미,,
MED308-01,전문,1,MED308-01,산부인과학실습G,1,양회생,,
MED309-01,전문,1,MED309-01,소아청소년과학실습G,1,조승만,,
MED310-01,전문,1,MED310-01,정신건강의학실습G,1,이광헌,,
MED311-01,전문,1,MED311-01,기초의학실습G,1,문일수,,
MED312-01,전문,1,MED312-01,정형외과학실습G ,1,이종임,,
MED313-01,전문,1,MED313-01,가정의학실습G ,1,이동욱,,
MED315-01,전문,1,MED315-01,피부과학실습G ,1,서무규,,
MED316-01,전문,1,MED316-01,비뇨의학실습G ,1,서영진,,
MED317-01,전문,1,MED317-01,성형외과학실습G,1,신혜경,,
MED318-01,전문,1,MED318-01,안과학실습G ,1,장현수,,
MED319-01,전문,1,MED319-01,병리학실습G ,1,장태정,,
MED322-01,전문,1,MED322-01,소화기내과학실습G,1,박준기,,
MED323-01,전문,1,MED323-01,순환기내과학실습G,1,배준호,,
MED324-01,전문,1,MED324-01,내분비내과학실습G,1,이영실,,
MED325-01,전문,1,MED325-01,환자안전,1,구남이,,
MED326-01,전문,3,MED326-01,임상실습예비학습,3,최민석,,
MED327-01,전문,1,MED327-01,진료및검사술기,1,남지형,,
MED328-01,전문,1,MED328-01,시기종합평가3,1,남지형,,
MED329-01,전문,1,MED329-01,의학연구2,1,이윤석,,
MGT308-01,전문,3,MGT308-01,인적자원관리,3,이정미,금4.0-6.5,B303
MGT308-02,전문,3,MGT308-02,인적자원관리,3,이정미,금7.0-9.5,B401
MGT309-01,전문,3,MGT309-01,기업윤리와지속가능경영,3,송인숙,목2.5-5.0,B306
MGT309-02,전문,3,MGT309-02,기업윤리와지속가능경영,3,송인숙,목7.0-9.5,B306
MGT311-01,전문,3,MGT311-01,품질경영,3,김정효,월1.0-3.5,B401
MGT312-01,전문,3,MGT312-01,소비자행동분석,3,손민희,"화4.0-5.0,목2.5-3.5","B401,B303"
MGT312-02,전문,3,MGT312-02,소비자행동분석,3,손민희,"화5.5-6.5,목5.5-6.5","B401,B401"
MGT313-01,전문,3,MGT313-01,국제경영전략,3,찰스아서롭,목7.0-9.5,B401
MGT313-02,전문,3,MGT313-02,국제경영전략,3,찰스아서롭,수7.0-9.5,B407
MGT314-01,전문,3,MGT314-01,국제마케팅,3,김종영,금1.0-3.5,B407
MGT314-02,전문,3,MGT314-02,국제마케팅,3,김종영,금4.0-6.5,B407
MGT315-01,전문,3,MGT315-01,유통과판매관리,3,허원현,금4.0-6.5,B401
MGT316-01,전문,2,MGT316-01,BusinessEnglish2,2,찰스아서롭,화4.0-5.5,B104
MGT316-02,전문,2,MGT316-02,BusinessEnglish2,2,찰스아서롭,목5.0-6.5,B303
MGT408-01,전문,3,MGT408-01,노사관계론,3,강희경,수4.0-6.5,B401
MGT408-02,전문,3,MGT408-02,노사관계론,3,강희경,수7.0-9.5,B401
MGT409-01,전문,3,MGT409-01,전략경영,3,길종구,수2.5-5.0,B403
MGT409-02,전문,3,MGT409-02,전략경영,3,한창용,목2.5-5.0,B403
MGT410-01,전문,3,MGT410-01,마케팅전략,3,손민희,"월5.5-6.5,수5.5-6.5","B403,B407"
MGT411-01,전문,3,MGT411-01,경영분석,3,안영규,"월7.0-8.0,수7.0-8.0","B403,B303"
MGT411-02,전문,3,MGT411-02,경영분석,3,안영규,"월8.5-9.5,수8.5-9.5","B403,B303"
MGT412-01,전문,3,MGT412-01,소자본창업과투자,3,조경식,"목1.0-2.0,목5.5-6.5","B403,B403"
MGT412-02,전문,3,MGT412-02,소자본창업과투자,3,조경식,목7.0-9.5,B403
MGT413-01,전문,3,MGT413-01,글로벌경영사례연구,3,찰스아서롭,금1.0-3.5,B403
MGT415-01,전문,2,MGT415-01,경영학취업세미나2,2,길종구,화2.0-3.5,B403
MIT306-01,전문,3,MIT306-01,데이터베이스응용,3,김의창,목4.0-6.5,B204
MIT307-01,전문,3,MIT307-01,e-비즈니스전략,3,권정일,수4.0-6.5,B306
MIT309-01,전문,3,MIT309-01,인터넷마케팅,3,문태수,수7.0-9.5,B306
MIT310-01,전문,3,MIT310-01,비즈니스디자인씽킹종합설계,3,이영찬,목7.0-9.5,B104
MIT410-01,전문,3,MIT410-01,정보보안,3,송유진,월7.0-9.5,B204
MIT413-01,전문,2,MIT413-01,정보경영학취업세미나2,2,이영찬,월5.0-6.5,B303
MSE306-01,전문,3,MSE306-01,3D역설계,3,김병문,"월7.0-9.5,화1.5-4.0","E305,E305"
MSE307-01,전문,3,MSE307-01,윤활공학,3,홍성호,"월1.0-2.0,수1.0-2.0","E203,E203"
MSE308-01,전문,3,MSE308-01,스마트자동차공학,3,김병문,"월5.5-6.5,수2.5-3.5","E203,E203"
MSE309-01,전문,3,MSE309-01,열전달,3,유미나,목6.5-9.0,E203
MSE310-01,전문,3,MSE310-01,진동소음공학,3,한성익,"월2.5-3.5,수7.5-8.5","E203,E203"
MSE406-01,전문,3,MSE406-01,기계상태진단,3,홍성호,"화2.5-3.5,목2.5-3.5","E203,E203"
MSE407-01,전문,3,MSE407-01,전지공학,3,권철홍,금5.0-7.5,E203
MSE413-01,전문,2,MSE413-01,기계시스템취창업세미나,2,정연종,수6.0-7.5,E301
NUE304-01,전문,3,NUE304-01,보건물리,3,박세훈,목11.0-13.5,
NUE305-01,전문,3,NUE305-01,핵연료기술,3,황인삼,화11.0-13.5,
NUE306-01,전문,3,NUE306-01,원자력안전,3,김규태,수11.0-13.5,
NUE308-01,전문,3,NUE308-01,현장실무연구4,3,정창열,,
NUE402-01,전문,3,NUE402-01,핵주기및원전해체기술,3,김규태,목11.0-13.5,
NUE404-01,전문,3,NUE404-01,재료공학,3,정창열,수11.0-13.5,
NUR315-01,전문,4,NUR315-01,성인간호학3,4,심재란,"월8.0-9.5,수1.0-2.5",H503
NUR315-02,전문,4,NUR315-02,성인간호학3,4,심재란,"월6.0-7.5,수3.0-4.5",H504
NUR316-01,전문,2,NUR316-01,성인간호학실습2,2,심재란,,
NUR316-02,전문,2,NUR316-02,성인간호학실습2,2,심재란,,
NUR317-01,전문,2,NUR317-01,여성건강간호학2,2,정미조,"월3.0-4.5,월6.0-7.5","H503,H503"
NUR317-02,전문,2,NUR317-02,여성건강간호학2,2,정미조,"월1.0-2.5,월8.0-9.5","H504,H504"
NUR318-01,전문,1,NUR318-01,여성건강간호학실습1,1,민혜영,,
NUR319-01,전문,2,NUR319-01,건강교육,2,김미경,"화1.0-2.5,목3.0-4.5","H503,H503"
NUR319-02,전문,2,NUR319-02,건강교육,2,김미경,"화3.0-4.5,목1.0-2.5","H504,H504"
NUR320-01,전문,2,NUR320-01,아동간호학2,2,어용숙,"월1.0-2.5,화3.0-4.5","H503,H503"
NUR320-02,전문,2,NUR320-02,아동간호학2,2,어용숙,"월3.0-4.5,화1.0-2.5","H504,H504"
NUR321-01,전문,2,NUR321-01,정신간호학2,2,김인홍,,
NUR321-02,전문,2,NUR321-02,정신간호학2,2,김인홍,,
NUR322-01,전문,1,NUR322-01,정신간호학실습1,1,김인홍,,
NUR322-02,전문,1,NUR322-02,정신간호학실습1,1,김잔디,,
NUR323-01,전문,2,NUR323-01,간호문제중심학습,2,김영희,"화6.0-7.5,목6.0-7.5",
NUR323-02,전문,2,NUR323-02,간호문제중심학습,2,김인홍,"화6.0-7.5,목6.0-7.5",
NUR323-03,전문,2,NUR323-03,간호문제중심학습,2,이미애,"화6.0-7.5,목6.0-7.5",
NUR323-04,전문,2,NUR323-04,간호문제중심학습,2,한영란,"화6.0-7.5,목6.0-7.5",
NUR323-05,전문,2,NUR323-05,간호문제중심학습,2,어용숙,"화6.0-7.5,목6.0-7.5",
NUR323-06,전문,2,NUR323-06,간호문제중심학습,2,심재란,"화6.0-7.5,목6.0-7.5",
NUR323-07,전문,2,NUR323-07,간호문제중심학습,2,백설향,"화6.0-7.5,목6.0-7.5",
NUR323-08,전문,2,NUR323-08,간호문제중심학습,2,황가희,"화6.0-7.5,목6.0-7.5",
NUR324-01,전문,1.5,NUR324-01,윤리적리더쉽,1.5,이미애,수6.0-8.5,
NUR325-01,전문,1.5,NUR325-01,재난과건강,1.5,한영란,목8.0-11.0,
NUR326-01,전문,1.5,NUR326-01,국제간호영어,1.5,황가희,수6.0-8.5,
NUR328-01,전문,1,NUR328-01,아동간호학실습2,1,어용숙,,
NUR328-02,전문,1,NUR328-02,아동간호학실습2,1,정명진,,
NUR414-01,전문,1.5,NUR414-01,성인간호학5,1.5,심재란,"월6.0-7.0,수3.0-4.0",H503
NUR414-02,전문,1.5,NUR414-02,성인간호학5,1.5,심재란,"월8.0-9.0,수1.5-2.5",H504
NUR415-01,전문,2,NUR415-01,성인간호학실습4,2,박미경,,
NUR415-02,전문,2,NUR415-02,성인간호학실습4,2,김수정,,
NUR416-01,전문,1.5,NUR416-01,지역사회간호학3,1.5,한영란,"수1.5-2.5,목3.0-4.0",H503
NUR416-02,전문,1.5,NUR416-02,지역사회간호학3,1.5,한영란,"수3.0-4.0,목1.5-2.5",H504
NUR417-01,전문,2,NUR417-01,지역사회간호학실습2,2,한영란,,
NUR417-02,전문,2,NUR417-02,지역사회간호학실습2,2,한이정,,
NUR419-01,전문,2,NUR419-01,간호관리학Ⅱ,2,이미애,"월8.0-9.5,화1.0-2.5",
NUR419-02,전문,2,NUR419-02,간호관리학Ⅱ,2,이미애,"월6.0-7.5,화3.0-4.5",
NUR420-01,전문,1.5,NUR420-01,간호관리학실습,1.5,이미애,,
NUR420-02,전문,1.5,NUR420-02,간호관리학실습,1.5,견유영,,
NUR421-01,전문,1,NUR421-01,간호법규,1,이미애,목1.0-2.5,H503
NUR421-02,전문,1,NUR421-02,간호법규,1,이미애,목3.0-4.5,H504
NUR422-01,전문,2,NUR422-01,간호연구개론,2,문하람,"월3.0-4.5,화3.0-4.5",
NUR422-02,전문,2,NUR422-02,간호연구개론,2,문하람,"월1.0-2.5,화6.0-7.5",
NUR423-01,전문,2,NUR423-01,성건강과문제,2,김영희,"화6.0-7.5,수6.0-7.5","H503,H503"
NUR423-02,전문,2,NUR423-02,성건강과문제,2,김영희,"화1.0-2.5,수8.0-9.5",
NUR424-01,전문,1.5,NUR424-01,시뮬레이션간호문제중심학습,1.5,김영희,,
NUR424-02,전문,1.5,NUR424-02,시뮬레이션간호문제중심학습,1.5,김인홍,,
NUR424-03,전문,1.5,NUR424-03,시뮬레이션간호문제중심학습,1.5,이미애,,
NUR424-04,전문,1.5,NUR424-04,시뮬레이션간호문제중심학습,1.5,한영란,,
NUR424-05,전문,1.5,NUR424-05,시뮬레이션간호문제중심학습,1.5,어용숙,,
NUR424-06,전문,1.5,NUR424-06,시뮬레이션간호문제중심학습,1.5,심재란,,
ORI108-01,전문,4,ORI108-01,한의임상생리학및실습2,4,신흥묵,"화3.0-4.0,목5.0-6.0,금2.0-3.5,금5.0-6.5","M201,M201,M307,M307"
ORI109-01,전문,4,ORI109-01,임상본초학및실습1,4,박용기,"목1.0-2.5,금1.0-4.5,금5.0-8.5","M201,M206,M206"
ORI110-01,전문,2,ORI110-01,양방인체생리학및실습2,2,조민경,"화5.5-7.0,화7.5-9.0,수7.5-9.0","M201,M306,M306"
ORI111-01,전문,4,ORI111-01,원전및세미나2,4,김기욱,"화1.0-2.5,수1.0-2.5,수3.0-4.5","M201,M201,M201"
ORI112-01,전문,2,ORI112-01,임상약리학및실습2,2,조민경,"화9.5-11.0,수5.5-7.0,수9.5-11.0","M306,M201,M306"
ORI113-01,전문,2,ORI113-01,예방의학및실습2,2,현민경,"월5.0-6.0,월6.5-7.0","M201,M201"
ORI114-01,전문,2,ORI114-01,의사학2,2,이병욱,월2.0-3.5,M201
ORI115-01,전문,2,ORI115-01,면역학,2,김수아,목7.0-8.5,M201
ORI117-01,전문,2,ORI117-01,양생학,2,현민경,월7.5-9.0,M201
ORI209-01,전문,4,ORI209-01,한의병리학및실습2,4,김재은,"화1.0-2.0,수1.0-2.0,금1.0-2.5,금3.0-4.5","1101-447,1101-447,1101-552,1101-552"
ORI210-01,전문,3,ORI210-01,한의진단학및실습2,3,박원환,"수2.5-4.0,금1.0-2.5,금3.0-4.5","1101-447,1101-440,1101-440"
ORI211-01,전문,2,ORI211-01,양방병리학2,2,백승호,월1.0-2.5,1101-447
ORI212-01,전문,4,ORI212-01,방제학및실습2,4,박선동,"월6.0-7.0,화5.5-6.5,수5.5-7.0,수7.5-9.0","1101-447,1101-447,1101-552,1101-552"
ORI213-01,전문,4,ORI213-01,경혈학및실습2,4,김승남,"월3.0-4.0,화3.0-4.0,수5.5-7.0,수7.5-9.0","1101-447,1101-447,1101-440,1101-440"
ORI214-01,전문,1,ORI214-01,상한론2,1,김재은,목1.0-2.5,1101-447
ORI223-01,전문,1,ORI223-01,임상총론1,1,최동준,월9.5-11.0,1101-447
ORI224-01,전문,1,ORI224-01,임상총론2,1,황민섭,화9.0-10.5,1101-447
ORI227-01,전문,2,ORI227-01,의료기기와한의학및실습,2,박성윤,"월4.5-5.0,금6.0-7.5,금8.0-9.5","1101-447,1101-440,1101-440"
ORI317-01,전문,1,ORI317-01,피부외과학2,1,김태준,목2.5-3.5,1101-448
ORI318-01,전문,1.5,ORI318-01,간계내과3,1.5,안립,수3.0-4.5,1101-448
ORI319-01,전문,1.5,ORI319-01,심계내과3,1.5,신길조,화8.0-9.5,1101-448
ORI320-01,전문,1.5,ORI320-01,비계내과3,1.5,임성우,수1.0-2.5,1101-448
ORI321-01,전문,1.5,ORI321-01,폐계내과3,1.5,정영석,월9.5-11.0,1101-448
ORI322-01,전문,1.5,ORI322-01,신계내과3,1.5,정지천,화5.0-7.5,1101-448
ORI323-01,전문,2,ORI323-01,산부인과학3,2,김동일,"화1.0-2.0,화2.5-3.5","1101-448,1101-448"
ORI324-01,전문,1.5,ORI324-01,소아과학3,1.5,민상연,목6.0-7.5,1101-448
ORI325-01,전문,1,ORI325-01,신경정신과학2,1,구병수,금9.5-10.5,1101-448
ORI326-01,전문,1,ORI326-01,안이비인후과2,1,홍승욱,목1.0-2.0,1101-448
ORI327-01,전문,1,ORI327-01,한방재활의학과2,1,금동호,금6.0-7.0,1101-448
ORI328-01,전문,1,ORI328-01,진단검사의학2,1,윤정근,수8.5-10.0,1101-448
ORI329-01,전문,3,ORI329-01,침구과학3,3,윤종화,"월5.0-7.0,월7.5-9.0","1101-448,1101-448"
ORI330-01,전문,1,ORI330-01,영상의학2,1,윤정근,수10.5-12.0,1101-448
ORI331-01,전문,1,ORI331-01,상한론4,1,김재은,목4.5-5.5,1101-448
ORI332-01,전문,1,ORI332-01,사상체질의학2,1,박성식,수7.0-8.0,1101-448
ORI418-01,전문,1,ORI418-01,피부외과학및실습2,1,홍승욱,화9.0-10.5,1101-634
ORI419-01,전문,1.5,ORI419-01,간계내과및실습2,1.5,안립,월4.0-6.5,1101-634
ORI420-01,전문,1.5,ORI420-01,심계내과및실습2,1.5,신길조,"목4.0-6.5,목4.0-6.5","1101-635,1101-634"
ORI421-01,전문,1.5,ORI421-01,비계내과및실습2,1.5,임성우,월1.0-3.5,1101-634
ORI422-01,전문,1.5,ORI422-01,폐계내과및실습2,1.5,서운교,금6.0-8.5,1101-634
ORI423-01,전문,1.5,ORI423-01,신계내과및실습2,1.5,정지천,목1.0-3.5,1101-634
ORI424-01,전문,1.5,ORI424-01,산부인과학및실습2,1.5,김동일,금1.0-3.5,1101-634
ORI425-01,전문,1,ORI425-01,소아과학및실습2,1,민상연,"화5.0-6.5,화5.0-6.5","1101-635,1101-634"
ORI426-01,전문,1,ORI426-01,신경정신과학및실습2,1,구병수,"화7.0-8.5,화7.0-8.5","1101-635,1101-634"
ORI427-01,전문,1,ORI427-01,안이비인후과및실습2,1,홍승욱,목7.0-8.5,1101-634
ORI428-01,전문,2,ORI428-01,침구학및실습2,2,김경호,"화1.0-2.5,금4.0-5.5","1101-634,1101-635"
ORI429-01,전문,1,ORI429-01,사상체질의학및실습2,1,박성식,화3.0-4.5,1101-635
ORI430-01,전문,1,ORI430-01,한방재활의학및실습2,1,금동호,"월7.0-8.5,월7.0-8.5","1101-635,1101-634"
ORI438-01,전문,2,ORI438-01,응급의학,2,윤정근,수6.0-7.5,1102-232
ORI440-01,전문,1,ORI440-01,추나학및실습2,1,이명종,수1.0-2.5,1101-634
ORI441-01,전문,1,ORI441-01,지역한의의료기관실습,1,김호준,,
ORI601-01,전문,1,ORI601-01,임상근육신경학,1,김은정,화11.0-11.5,1101-448
ORI602-01,전문,1,ORI602-01,관절및근육의기능해부학과임상적접근,1,박서현,목10.5-11.0,1101-448
PAI302-01,전문,2,PAI302-01,영상매체2,2,김석한,목2.0-4.5,J403
PAI304-01,전문,2,PAI304-01,창작연구2,2,강민정,월2.0-4.5,J403
PAI306-01,전문,2,PAI306-01,현대미술연구2,2,박종희,수2.0-4.5,J403
PAI402-01,전문,2,PAI402-01,설치미술2,2,박종희,목2.0-4.5,J404
PAI404-01,전문,2,PAI404-01,표현연구실기2,2,강민정,월6.0-8.5,J404
PAI406-01,전문,2,PAI406-01,현대미술창작2,2,최성원,화2.0-4.5,J404
POA305-01,전문,3,POA305-01,경찰수사론,3,이승현,월1.0-3.5,B310
POA305-02,전문,3,POA305-02,경찰수사론,3,이승현,화1.0-3.5,B310
POA306-01,전문,3,POA306-01,형사소송법,3,김한기,수1.0-3.5,B310
POA306-02,전문,3,POA306-02,형사소송법,3,김한기,수4.0-6.5,B310
POA307-01,전문,3,POA307-01,범죄심리학,3,김수민,목4.0-6.5,B310
POA405-01,전문,3,POA405-01,국가안보론,3,권오윤,"월5.5-6.5,목1.0-2.0","B206,B206"
POA406-01,전문,3,POA406-01,국제평화안보와핵무기,3,이성석,금1.0-3.5,B302
PUB305-01,전문,3,PUB305-01,공기업론,3,정윤길,수7.0-9.5,B310
PUB306-01,전문,3,PUB306-01,행정법,3,권영복,수4.0-6.5,B202
PUB307-01,전문,3,PUB307-01,행정기획실무,3,이준호,"월5.5-6.5,화1.0-2.0","B310,B302"
PUB308-01,전문,3,PUB308-01,소방학,3,이재용,수1.0-3.5,B302
PUB405-01,전문,3,PUB405-01,한국행정론,3,김현욱,금7.0-9.5,B310
PUB406-01,전문,3,PUB406-01,행정이론,3,천지은,목7.0-9.5,B206
PUB407-01,전문,3,PUB407-01,환경행정과정책,3,김영재,금1.0-3.5,B206
PUB408-01,전문,3,PUB408-01,지역개발론,3,허만용,화4.0-6.5,B206
SAE312-01,전문,3,SAE312-01,스마트재난관리론,3,박성범,금1.0-3.5,S506
SAE313-01,전문,3,SAE313-01,건설안전공학,3,김주원,"월8.5-9.5,수9.5-10.5","S101,S101"
SAE321-01,전문,3,SAE321-01,실무기계안전,3,우흥식,"월5.5-6.5,화2.5-3.5","S101,S101"
SAE322-01,전문,3,SAE322-01,스마트전기안전,3,권구영,"월7.0-8.0,화1.0-2.0","K303,K303"
SCI305-01,전문,3,SCI305-01,빅데이터와스마트시티,3,오재호,금4.0-9.5,K301
SCI305-02,전문,3,SCI305-02,빅데이터와스마트시티,3,유유빈,금4.0-9.5,A205
SCI305-03,전문,3,SCI305-03,빅데이터와스마트시티,3,장민희,금4.0-9.5,B203
SCI306-01,전문,3,SCI306-01,인공지능과스마트시티,3,오재호,금4.0-9.5,
SCI306-02,전문,3,SCI306-02,인공지능과스마트시티,3,유유빈,금4.0-9.5,
SCI306-03,전문,3,SCI306-03,인공지능과스마트시티,3,장민희,금4.0-9.5,
SCI307-02,전문,3,SCI307-02,스마트플랫폼캡스톤디자인,3,유유빈,월4.0-6.5,E302
SCI307-03,전문,3,SCI307-03,스마트플랫폼캡스톤디자인,3,최혁준,월4.0-6.5,K304
SCI308-02,전문,3,SCI308-02,스마트기반서비스캡스톤디자인,3,유유빈,월7.0-9.5,E302
SCI308-03,전문,3,SCI308-03,스마트기반서비스캡스톤디자인,3,최혁준,월7.0-9.5,K304
SCI309-01,전문,3,SCI309-01,스마트콘텐츠캡스톤디자인,3,윤영일,월7.0-9.5,B104
SOA308-01,전문,1,SOA308-01,노인운동지도방법실습,1,하성,화5.0-6.5,G203
SOA309-01,전문,2,SOA309-01,운동처방론,2,하성,목2.0-3.5,G203
SOA310-01,전문,2,SOA310-01,비만관리및운동실습,2,서동일,화2.0-4.5,G202
SOA312-01,전문,1,SOA312-01,운동부하검사실습,1,하성,수1.0-2.5,G202
SOA312-02,전문,1,SOA312-02,운동부하검사실습,1,하성,수3.0-4.5,G202
SOA313-01,전문,2,SOA313-01,스포츠과학취업세미나,2,정우진,목7.0-8.5,G202
SOA314-01,전문,2,SOA314-01,스포츠영양학,2,박찬호,수7.0-8.5,G202
SOA315-01,전문,1,SOA315-01,스포츠전공지도실기4,1,김석규,목5.0-6.5,G115
SOA315-02,전문,1,SOA315-02,스포츠전공지도실기4,1,정우진,목5.0-6.5,G112
SOA315-03,전문,1,SOA315-03,스포츠전공지도실기4,1,조태수,목5.0-6.5,G103
SOA315-04,전문,1,SOA315-04,스포츠전공지도실기4,1,서동일,목5.0-6.5,G104
SOA323-01,전문,2,SOA323-01,유아체육지도및실습,2,오현옥,월5.0-10.5,G203
SOA415-01,전문,2,SOA415-01,레저프로그램구성론,2,오현옥,화5.0-6.5,G202
SOA416-01,전문,2,SOA416-01,유아노인스포츠지도인턴십,2,오현옥,목5.0-7.5,G203
SOA417-01,전문,2,SOA417-01,스포츠산업경영인턴십,2,정우진,화2.0-4.5,G203
SOA418-01,전문,2,SOA418-01,스포츠창업론,2,정우진,금2.0-3.5,G203
SOC306-01,전문,3,SOC306-01,아동복지론,3,이은주,수2.0-4.5,B104
SOC307-01,전문,3,SOC307-01,학교사회복지론,3,김예리,목7.0-9.5,B301
SOC310-01,전문,3,SOC310-01,사회복지윤리와철학,3,이은주,"월6.0-6.5,화5.0-6.5","B409,B409"
SOC324-01,전문,3,SOC324-01,사회복지현장실습1,3,이은희,수6.0-8.5,B402
SOC324-02,전문,3,SOC324-02,사회복지현장실습1,3,김현수,화4.0-6.5,B402
SOC326-01,전문,3,SOC326-01,정신건강론,3,설진화,"화2.5-3.5,목2.5-3.5","B301,B301"
SOC327-01,전문,3,SOC327-01,청소년복지론,3,김예리,월7.0-9.5,A204
SOC402-01,전문,3,SOC402-01,장애인복지론,3,김소정,목5.5-8.0,B402
SOC409-01,전문,3,SOC409-01,가족복지론,3,김예리,금2.0-4.5,B409
SOC410-01,전문,3,SOC410-01,사회복지정책론,3,이창훈,목2.0-4.5,B402
SOC410-02,전문,3,SOC410-02,사회복지정책론,3,이창훈,금2.0-4.5,B301
SOC412-01,전문,3,SOC412-01,여성과현대사회,3,김소정,월2.5-5.0,B402
SOC413-01,전문,2,SOC413-01,사회복지학취업세미나,2,김현수,월8.0-9.5,B402
SSE323-01,전문,3,SSE323-01,전기전자종합설계,3,권구영,수1.0-3.5,S101
SSE401-01,전문,3,SSE401-01,화재현상론,3,김영찬,"월1.0-2.0,수5.0-6.0","S101,S101"
SSE407-01,전문,3,SSE407-01,위험물질론,3,김민,"화5.5-6.5,목5.5-6.5","S101,S101"
SSS302-01,전문,3,SSS302-01,관광안전과재난관리,3,김성덕,금5.0-7.5,A402
STA302-01,전문,3,STA302-01,실험계획법,3,조태경,"화5.5-6.5,목2.5-3.5","S408,S502"
STA304-01,전문,3,STA304-01,금융시계열예측,3,손창균,월6.0-8.5,S408
STA306-01,전문,3,STA306-01,다변량자료분석,3,심규박,화1.0-3.5,S408
STA310-01,전문,3,STA310-01,품질경영연습,3,도해영,수4.0-6.5,S506
STA313-01,전문,2,STA313-01,응용통계학취업세미나,2,손창균,월4.0-5.5,S408
STA402-01,전문,3,STA402-01,통계컨설팅,3,조태경,수5.5-8.0,S502
STM303-01,전문,3,STM303-01,디지털마케팅,3,이유하,수4.0-6.5,B501
STM303-02,전문,3,STM303-02,디지털마케팅,3,서정아,"화2.5-3.5,목4.0-5.0","B201,B405"
STM401-01,전문,3,STM401-01,관광브랜드디자인,3,최정자,월7.0-9.5,B201
THM301-01,전문,3,THM301-01,전시기획실무,3,최정자,목7.0-9.5,B106
THM305-01,전문,3,THM305-01,호텔객실실무,3,최욱희,수6.0-9.5,B307
THM305-02,전문,3,THM305-02,호텔객실실무,3,김은주,목6.0-9.5,B201
THM305-03,전문,3,THM305-03,호텔객실실무,3,최욱희,목2.0-5.5,R103
THM309-01,전문,3,THM309-01,컨벤션기획키스톤디자인,3,최정자,화1.0-3.5,B106
THM310-01,전문,3,THM310-01,관광개발론,3,김남현,월4.5-10.0,B106
THM314-01,전문,3,THM314-01,호텔관광서비스론,3,한진석,수1.0-3.5,B405
THM314-02,전문,3,THM314-02,호텔관광서비스론,3,황성혜,화4.0-6.5,B501
THM315-01,전문,3,THM315-01,문화관광론,3,서정아,"화4.0-5.0,목2.5-3.5","B106,B501"
THM315-02,전문,3,THM315-02,문화관광론,3,강재구,목4.0-6.5,B501
THM316-01,전문,3,THM316-01,호텔관광경영전략,3,권주경,금1.0-3.5,B307
THM316-02,전문,3,THM316-02,호텔관광경영전략,3,박진영,목1.0-3.5,B405
THM317-01,전문,3,THM317-01,이벤트기획론,3,조태영,금1.0-3.5,B405
THM317-02,전문,3,THM317-02,이벤트기획론,3,조태영,금5.0-7.5,B405
THM320-01,전문,2,THM320-01,호텔관광경영학취업세미나2,2,최욱희,월2.5-4.0,B501
THM320-02,전문,2,THM320-02,호텔관광경영학취업세미나2,2,정윤조,월2.5-4.0,B201
THM322-01,전문,3,THM322-01,관광창업마케팅,3,이준엽,"화4.0-5.0,수4.0-5.0","B405,B201"
THM410-01,전문,3,THM410-01,호텔프로젝트관리론,3,권주경,금5.0-7.5,B106
THM411-01,전문,3,THM411-01,여행사실무,3,정윤조,"월7.5-9.0,수2.0-3.5","B406,B406"
THM411-02,전문,3,THM411-02,여행사실무,3,정윤조,"수5.0-6.5,목2.0-3.5","B405,B406"
THM413-01,전문,3,THM413-01,호텔주장관리와실무,3,최욱희,월6.0-9.5,R103
THM413-02,전문,3,THM413-02,호텔주장관리와실무,3,최욱희,목6.0-9.5,R103
THM414-01,전문,3,THM414-01,카지노경영론,3,김남현,목7.0-9.5,B307
THM414-02,전문,3,THM414-02,카지노경영론,3,박소영,목2.5-5.0,B307
THM415-01,전문,3,THM415-01,관광산업현장연구,3,이준엽,"수7.0-8.0,목1.0-2.0","B405,B307"
THM416-01,전문,3,THM416-01,항공객실서비스,3,유은수,목4.0-6.5,B406
THM416-02,전문,3,THM416-02,항공객실서비스,3,유은수,목7.0-9.5,B406
THM417-01,전문,3,THM417-01,ICT와호텔관광산업,3,서정아,"화5.5-6.5,목5.5-6.5","B405,B405"
AAH412-01,캡스톤,3,AAH412-01,스마트문화유산캡스톤디자인2,3,한정호,목7.0-9.5,A319
ACT307-01,캡스톤,3,ACT307-01,전산세무실무캡스톤디자인,3,정재진,"월5.5-6.5,수7.0-8.0","B205,B205"
APO406-01,캡스톤,3,APO406-01,정책세미나캡스톤디자인,3,정윤길,월7.0-9.5,B310
BPE412-01,캡스톤,3,BPE412-01,바이오제약공학종합설계,3,이창규,목7.0-9.5,S304
CLL408-01,캡스톤,3,CLL408-01,중국문화UCC종합설계및활용,3,강종임,월6.0-9.5,A302
COM408-01,캡스톤,3,COM408-01,컴퓨터공학종합설계2,3,도재수,월6.0-8.5,S407
COM408-02,캡스톤,3,COM408-02,컴퓨터공학종합설계2,3,오승현,목2.0-4.5,S407
COM408-03,캡스톤,3,COM408-03,컴퓨터공학종합설계2,3,박기석,금6.0-8.5,S406
ENG311-01,캡스톤,3,ENG311-01,미국학세미나캡스톤디자인,3,구본철,월7.0-10.5,A303
ENG314-01,캡스톤,3,ENG314-01,영어교육콘텐츠개발캡스톤디자인,3,폴그로바,화4.0-6.5,A320
ICE410-01,캡스톤,3,ICE410-01,ICT종합설계2,3,강법주,목7.0-9.5,E502
ICE410-02,캡스톤,3,ICE410-02,ICT종합설계2,3,장유진,목7.0-9.5,E503
IDP402-01,캡스톤,3,IDP402-01,스마트문화재복원캡스톤디자인,3,정병국,목7.0-9.5,A106
JAP404-01,캡스톤,3,JAP404-01,비즈니스일본어종합설계,3,카네코유우키,수2.5-6.0,A301
MBT414-01,캡스톤,3,MBT414-01,의생명공학종합설계,3,박상신,월5.5-8.0,S504
MGT414-01,캡스톤,3,MGT414-01,마케팅지역문제해결종합설계,3,손민희,"월7.0-8.0,수1.0-2.0","B401,B205"
MIT308-01,캡스톤,3,MIT308-01,네트워크경영종합설계,3,송유진,수1.0-3.5,B204
MIT411-01,캡스톤,3,MIT411-01,MIS종합설계,3,문태수,목1.0-3.5,B104
MSE409-01,캡스톤,3,MSE409-01,기계시스템공학종합설계II,3,권철홍,금1.0-3.5,E203
NUE407-01,캡스톤,3,NUE407-01,CapstonDesign2,3,류준형,화11.0-13.5,
SAE311-01,캡스톤,3,SAE311-01,안전공학종합설계,3,김민,수6.5-9.0,S101
SAE411-01,캡스톤,3,SAE411-01,안전미디어종합설계,3,원종일,목7.0-9.5,S101
STA405-01,캡스톤,3,STA405-01,응용통계학종합설계2,3,손창균,수1.0-3.5,S502
STA405-02,캡스톤,3,STA405-02,응용통계학종합설계2,3,김진석,목5.0-7.5,S502
THM423-01,캡스톤,3,THM423-01,지역관광캡스톤디자인,3,윤영일,목7.0-11.0,B501
ERC101-01,,2,ERC101-01,교육학개론,2,김상무,목5.0-6.5,M102
ERC101-02,,2,ERC101-02,교육학개론,2,김상무,목7.0-8.5,M102
ERC102-01,,2,ERC102-01,교육심리,2,김광현,화5.0-6.5,M102
ERC102-02,,2,ERC102-02,교육심리,2,김용성,수3.0-4.5,M103
ERC102-03,,2,ERC102-03,교육심리,2,이영애,금1.0-2.5,M102
ERC103-01,,2,ERC103-01,교육철학및교육사,2,김상무,월5.0-6.5,M102
ERC103-02,,2,ERC103-02,교육철학및교육사,2,김상무,월7.0-8.5,M102
ERC104-01,,2,ERC104-01,교육과정및교육평가,2,김수동,월3.0-4.5,M103
ERC104-02,,2,ERC104-02,교육과정및교육평가,2,김수동,월7.0-8.5,M103
ERC105-01,,2,ERC105-01,교육사회,2,김상무,수7.0-8.5,M102
ERC106-01,,2,ERC106-01,교육방법및교육공학,2,김수동,화3.0-4.5,M103
ERC106-02,,2,ERC106-02,교육방법및교육공학,2,김수동,수3.0-4.5,M102
ERC108-01,,2,ERC108-01,교육행정및교육경영,2,이해우,목5.0-6.5,M103
ERC108-02,,2,ERC108-02,교육행정및교육경영,2,이해우,목7.0-8.5,M103
ERC302-01,,2,ERC302-01,종교교재연구및지도법,2,윤영해,월2.0-3.5,D403
ERC305-01,,3,ERC305-01,불교아동교재연구및지도법,3,민희정,"화6.0-6.5,금2.0-3.5","D406,D406"
ERC306-01,,3,ERC306-01,음악교재연구및지도법,3,손수인,금7.0-9.5,Y401
ERC312-01,,2,ERC312-01,국어교재연구및지도법,2,김억조,수7.0-8.5,A324
ERC314-01,,2,ERC314-01,역사교재연구및지도법,2,최혜경,금1.0-2.5,A321
ERC322-01,,2,ERC322-01,컴퓨터교재연구및지도법,2,노은영,금2.0-3.5,S407
ERC324-01,,2,ERC324-01,농업교재연구및지도법,2,최미영,월4.0-5.5,S510
ERC332-01,,3,ERC332-01,관광교재연구및지도법,3,황성혜,화1.0-3.5,B406
ERC107-01,,2,ERC107-01,학교폭력예방및학생의이해,2,김용성,수5.0-6.5,M103
ERC107-02,,2,ERC107-02,학교폭력예방및학생의이해,2,김용성,수7.0-8.5,M103
ERC107-03,,2,ERC107-03,학교폭력예방및학생의이해,2,이영애,금3.0-4.5,M102
ERC109-01,,2,ERC109-01,특수교육학개론,2,이영애,목1.0-2.5,M103
ERC109-02,,2,ERC109-02,특수교육학개론,2,이영애,목3.0-4.5,M103
ERC110-01,,2,ERC110-01,교직실무,2,주응중,수5.0-6.5,M102
ERC110-02,,2,ERC110-02,교직실무,2,주응중,금1.0-2.5,M103
ERC110-03,,2,ERC110-03,교직실무,2,주응중,금3.0-4.5,M103
ERC111-01,,2,ERC111-01,학교현장실습,2,,,
ERC307-01,,3,ERC307-01,종교논리및논술,3,윤영해,월5.5-8.0,D408
ERC316-01,,2,ERC316-01,영어교재연구및지도법,2,송민영,수8.5-10.0,A323
ERC318-01,,2,ERC318-01,일본어교재연구및지도법,2,카네코유우키,목1.0-2.5,A324
ERC415-01,,2,ERC415-01,중국어교재연구및지도법,2,오현주,금2.5-4.0,A320
ERC416-01,,3,ERC416-01,중국어논리및논술,3,필문수,"월1.0-2.0,목2.5-3.5","A315,A315"
MRC302-01,,3,MRC302-01,안전및조직관리사례연구,3,,"화7.0-8.5,금5.0-8.5","Y101,Y101"
MRC402-01,,3,MRC402-01,조직리더십사례연구,3,,"화7.0-8.5,금5.0-8.5","Y102,Y102"
DDC102-01,인성,1,DDC102-01,자아와명상2,1,장경화,월6.0-6.5,F201
DDC102-02,인성,1,DDC102-02,자아와명상2,1,장경화,월7.0-7.5,F201
DDC102-03,인성,1,DDC102-03,자아와명상2,1,장경화,화2.0-2.5,F201
DDC102-04,인성,1,DDC102-04,자아와명상2,1,장경화,화3.0-3.5,F201
DDC102-05,인성,1,DDC102-05,자아와명상2,1,장경화,화4.0-4.5,F201
DDC102-06,인성,1,DDC102-06,자아와명상2,1,장경화,수2.0-2.5,F201
DDC102-07,인성,1,DDC102-07,자아와명상2,1,장경화,수3.0-3.5,F201
DDC102-08,인성,1,DDC102-08,자아와명상2,1,장경화,목2.0-2.5,F201
DDC102-09,인성,1,DDC102-09,자아와명상2,1,장경화,목3.0-3.5,F201
DDC102-10,인성,1,DDC102-10,자아와명상2,1,조춘희,월2.0-2.5,F201
DDC102-11,인성,1,DDC102-11,자아와명상2,1,조춘희,월3.0-3.5,F201
DDC102-12,인성,1,DDC102-12,자아와명상2,1,조춘희,월4.0-4.5,F201
DDC102-13,인성,1,DDC102-13,자아와명상2,1,김청진,화5.0-5.5,F201
DDC102-14,인성,1,DDC102-14,자아와명상2,1,김청진,화6.0-6.5,F201
DDC102-15,인성,1,DDC102-15,자아와명상2,1,이혜란,수5.0-5.5,C101
DDC102-16,인성,1,DDC102-16,자아와명상2,1,이혜란,수6.0-6.5,C101
DDC102-17,인성,1,DDC102-17,자아와명상2,1,이혜란,수7.0-7.5,C101
DDC102-18,인성,1,DDC102-18,자아와명상2,1,이혜란,수8.0-8.5,C101
DDC102-19,인성,1,DDC102-19,자아와명상2,1,이민경,목5.0-5.5,F201
DDC102-20,인성,1,DDC102-20,자아와명상2,1,이민경,목6.0-6.5,F201
DDC102-21,인성,1,DDC102-21,자아와명상2,1,이민경,목7.0-7.5,F201
DDC102-22,인성,1,DDC102-22,자아와명상2,1,이민경,목8.0-8.5,F201
DDC102-23,인성,1,DDC102-23,자아와명상2,1,김혜범,금1.0-1.5,F201
DDC102-24,인성,1,DDC102-24,자아와명상2,1,김혜범,금2.0-2.5,F201
DDC102-25,인성,1,DDC102-25,자아와명상2,1,김혜범,금3.0-3.5,F201
DDC102-26,인성,1,DDC102-26,자아와명상2,1,서정인,금5.0-5.5,C101
DDC102-27,인성,1,DDC102-27,자아와명상2,1,서정인,금6.0-6.5,C101
DDC102-28,인성,1,DDC102-28,자아와명상2,1,서정인,금7.0-7.5,C101
DDC102-29,인성,1,DDC102-29,자아와명상2,1,서정인,금8.0-8.5,C101
DDC102-30,인성,1,DDC102-30,자아와명상2,1,임인영,월5.0-5.5,T103
DDC102-31,인성,1,DDC102-31,자아와명상2,1,임인영,월6.0-6.5,T103
DDC102-32,인성,1,DDC102-32,자아와명상2,1,임인영,월7.0-7.5,T103
DDC102-33,인성,1,DDC102-33,자아와명상2,1,전주영,목4.0-4.5,T103
DDC102-34,인성,1,DDC102-34,자아와명상2,1,전주영,목5.0-5.5,T103
DDC102-35,인성,1,DDC102-35,자아와명상2,1,전주영,목6.0-6.5,T103
DDC102-36,인성,1,DDC102-36,자아와명상2,1,김명호,목7.0-7.5,T103
DDC102-37,인성,1,DDC102-37,자아와명상2,1,김명호,목8.0-8.5,T103
DDC102-38,인성,1,DDC102-38,자아와명상2,1,이성경,금1.0-1.5,T103
DDC102-39,인성,1,DDC102-39,자아와명상2,1,이성경,금2.0-2.5,T103
DDC102-40,인성,1,DDC102-40,자아와명상2,1,이성경,금3.0-3.5,T102
DDC103-01,인성,2,DDC103-01,불교와인간,2,이철헌,월1.0-2.5,A408
DDC103-02,인성,2,DDC103-02,불교와인간,2,이철헌,월5.0-6.5,A408
DDC103-03,인성,2,DDC103-03,불교와인간,2,이철헌,화1.0-2.5,A407
DDC103-04,인성,2,DDC103-04,불교와인간,2,이철헌,수1.0-2.5,E201
DDC103-05,인성,2,DDC103-05,불교와인간,2,이철헌,수3.0-4.5,E201
DDC103-06,인성,2,DDC103-06,불교와인간,2,이철헌,목1.0-2.5,A408
DDC103-07,인성,2,DDC103-07,불교와인간,2,이필원,화5.0-6.5,M101
DDC103-08,인성,2,DDC103-08,불교와인간,2,이필원,수5.0-6.5,E201
DDC103-09,인성,2,DDC103-09,불교와인간,2,이필원,수1.0-2.5,A407
DDC103-10,인성,2,DDC103-10,불교와인간,2,이필원,목1.0-2.5,E201
DDC103-11,인성,2,DDC103-11,불교와인간,2,이필원,금1.0-2.5,A408
DDC103-12,인성,2,DDC103-12,불교와인간,2,박성철,화1.0-2.5,E201
DDC103-13,인성,2,DDC103-13,불교와인간,2,박성철,화3.0-4.5,E201
DDC103-14,인성,2,DDC103-14,불교와인간,2,박성철,화5.0-6.5,E201
DDC103-15,인성,2,DDC103-15,불교와인간,2,조춘희,화3.0-4.5,M102
DDC103-16,인성,2,DDC103-16,불교와인간,2,우명주,화5.0-6.5,M103
DDC103-17,인성,2,DDC103-17,불교와인간,2,서갑선,월3.0-4.5,E201
DDC103-18,인성,2,DDC103-18,불교와인간,2,서갑선,월5.0-6.5,E201
DDC103-19,인성,2,DDC103-19,불교와인간,2,서갑선,월7.0-8.5,E201
DDC103-20,인성,2,DDC103-20,불교와인간,2,한상희,목3.0-4.5,E201
DDC103-21,인성,2,DDC103-21,불교와인간,2,한상희,목5.0-6.5,E201
DDC103-22,인성,2,DDC103-22,불교와인간,2,한상희,목7.0-8.5,E201
DDC205-01,인성,3,DDC205-01,자비와행복여행,3,장경화,월1.0-3.5,A307
DDC207-01,인성,3,DDC207-01,삶과세상다시잇기,3,이필원,목7.0-9.5,M403
DDC106-01,자기계발,1,DDC106-01,자기계발과미래설계2,1,김지용,화5.0-5.5,A407
DDC106-02,자기계발,1,DDC106-02,자기계발과미래설계2,1,김지용,화6.0-6.5,A407
DDC106-03,자기계발,1,DDC106-03,자기계발과미래설계2,1,김지용,수7.0-7.5,A407
DDC106-04,자기계발,1,DDC106-04,자기계발과미래설계2,1,김지용,수8.0-8.5,A407
DDC106-05,자기계발,1,DDC106-05,자기계발과미래설계2,1,김지용,월5.0-5.5,A407
DDC106-06,자기계발,1,DDC106-06,자기계발과미래설계2,1,김지용,월6.0-6.5,A407
DDC106-07,자기계발,1,DDC106-07,자기계발과미래설계2,1,강성배,화1.0-1.5,A408
DDC106-08,자기계발,1,DDC106-08,자기계발과미래설계2,1,강성배,화2.0-2.5,A408
DDC106-09,자기계발,1,DDC106-09,자기계발과미래설계2,1,강성배,화3.0-3.5,A408
DDC106-10,자기계발,1,DDC106-10,자기계발과미래설계2,1,강성배,수1.0-1.5,A408
DDC106-11,자기계발,1,DDC106-11,자기계발과미래설계2,1,강성배,수2.0-2.5,A408
DDC106-12,자기계발,1,DDC106-12,자기계발과미래설계2,1,강성배,수3.0-3.5,A408
DDC106-13,자기계발,1,DDC106-13,자기계발과미래설계2,1,김광현,월4.0-4.5,A408
DDC106-14,자기계발,1,DDC106-14,자기계발과미래설계2,1,김광현,금5.0-5.5,A408
DDC106-15,자기계발,1,DDC106-15,자기계발과미래설계2,1,김광현,금6.0-6.5,A408
DDC106-16,자기계발,1,DDC106-16,자기계발과미래설계2,1,김광현,월3.0-3.5,A408
DDC106-17,자기계발,1,DDC106-17,자기계발과미래설계2,1,김광현,목3.0-3.5,A408
DDC106-18,자기계발,1,DDC106-18,자기계발과미래설계2,1,김광현,목4.0-4.5,A408
DDC106-19,자기계발,1,DDC106-19,자기계발과미래설계2,1,최현실,수4.0-4.5,A407
DDC106-20,자기계발,1,DDC106-20,자기계발과미래설계2,1,최현실,화3.0-3.5,A407
DDC106-21,자기계발,1,DDC106-21,자기계발과미래설계2,1,최현실,화4.0-4.5,A407
DDC106-22,자기계발,1,DDC106-22,자기계발과미래설계2,1,최현실,수3.0-3.5,A407
DDC106-23,자기계발,1,DDC106-23,자기계발과미래설계2,1,최현실,목3.0-3.5,A407
DDC106-24,자기계발,1,DDC106-24,자기계발과미래설계2,1,최현실,목4.0-4.5,A407
DDC106-25,자기계발,1,DDC106-25,자기계발과미래설계2,1,정귀연,수5.0-5.5,A408
DDC106-26,자기계발,1,DDC106-26,자기계발과미래설계2,1,정귀연,수6.0-6.5,A408
DDC106-27,자기계발,1,DDC106-27,자기계발과미래설계2,1,정귀연,수7.0-7.5,A408
DDC106-28,자기계발,1,DDC106-28,자기계발과미래설계2,1,정귀연,목5.0-5.5,A408
DDC106-29,자기계발,1,DDC106-29,자기계발과미래설계2,1,정귀연,목6.0-6.5,A408
DDC106-30,자기계발,1,DDC106-30,자기계발과미래설계2,1,정귀연,목7.0-7.5,A408
DDC106-31,자기계발,1,DDC106-31,자기계발과미래설계2,1,김효진,수4.0-4.5,A408
DDC106-32,자기계발,1,DDC106-32,자기계발과미래설계2,1,김효진,수5.0-5.5,A407
DDC106-33,자기계발,1,DDC106-33,자기계발과미래설계2,1,김효진,수6.0-6.5,A407
DDC106-34,자기계발,1,DDC106-34,자기계발과미래설계2,1,김효진,수8.0-8.5,A408
DDC106-35,자기계발,1,DDC106-35,자기계발과미래설계2,1,김효진,목2.0-2.5,A407
DDC106-36,자기계발,1,DDC106-36,자기계발과미래설계2,1,김효진,목5.0-5.5,A407
DDC106-37,자기계발,1,DDC106-37,자기계발과미래설계2,1,김효진,목6.0-6.5,A407
DDC106-38,자기계발,1,DDC106-38,자기계발과미래설계2,1,김효진,목8.0-8.5,A407
DDC310-01,자기계발,2,DDC310-01,여성진로설정및경력개발2,2,김상현,월2.5-4.0,A207
DDC311-01,자기계발,2,DDC311-01,CEO의성공취업전략2,2,김상현,수7.0-8.5,D901
DDC312-01,자기계발,2,DDC312-01,커리어업취업스킬2,2,김상현,수4.0-5.5,A208
DDC315-01,자기계발,3,DDC315-01,사업기회의발견,3,강성배,목4.0-6.5,A309
DDC316-01,자기계발,3,DDC316-01,창업과사업성분석,3,배한수,월2.5-5.0,A209
DDC317-01,자기계발,3,DDC317-01,창업비즈니스모델,3,길종구,월1.0-3.5,A208
DDC318-01,자기계발,3,DDC318-01,창업진로탐색,3,윤영일,화4.0-6.5,A408
DDC409-01,체험교육,1,DDC409-01,초급농구,1,하성,화2.0-3.5,G101
DDC410-01,체험교육,1,DDC410-01,초급필라테스,1,오현옥,목2.0-3.5,G115
DDC411-01,체험교육,1,DDC411-01,휘트니스,1,김병훈,월7.0-8.5,G108
CES104-01,공통교육,1,CES104-01,ApproachestoEnglishCommunication2,1,데이비드워터메이어,금5.0-6.5,A312
CES104-02,공통교육,1,CES104-02,ApproachestoEnglishCommunication2,1,데이비드파우스트,금3.0-4.5,A312
CES104-03,공통교육,1,CES104-03,ApproachestoEnglishCommunication2,1,데이비드워터메이어,금1.0-2.5,A312
CES104-04,공통교육,1,CES104-04,ApproachestoEnglishCommunication2,1,케네스,목7.0-8.5,A213
CES104-05,공통교육,1,CES104-05,ApproachestoEnglishCommunication2,1,켈런,목5.0-6.5,A310
CES104-06,공통교육,1,CES104-06,ApproachestoEnglishCommunication2,1,데이비드워터메이어,목1.0-2.5,A318
CES104-07,공통교육,1,CES104-07,ApproachestoEnglishCommunication2,1,티모시로버츠,목1.0-2.5,A314
CES104-08,공통교육,1,CES104-08,ApproachestoEnglishCommunication2,1,베쓰무어,수7.0-8.5,A310
CES104-09,공통교육,1,CES104-09,ApproachestoEnglishCommunication2,1,티모시로버츠,수7.0-8.5,A314
CES104-10,공통교육,1,CES104-10,ApproachestoEnglishCommunication2,1,테레사메이,수5.0-6.5,A310
CES104-11,공통교육,1,CES104-11,ApproachestoEnglishCommunication2,1,켈런,수3.0-4.5,A310
CES104-12,공통교육,1,CES104-12,ApproachestoEnglishCommunication2,1,트로이,수1.0-2.5,A313
CES104-13,공통교육,1,CES104-13,ApproachestoEnglishCommunication2,1,데이비드워터메이어,화5.0-6.5,A312
CES104-14,공통교육,1,CES104-14,ApproachestoEnglishCommunication2,1,데이비드파우스트,목3.0-4.5,A312
CES104-15,공통교육,1,CES104-15,ApproachestoEnglishCommunication2,1,데이비드파우스트,화3.0-4.5,A312
CES104-16,공통교육,1,CES104-16,ApproachestoEnglishCommunication2,1,케네스,화1.0-2.5,A314
CES104-17,공통교육,1,CES104-17,ApproachestoEnglishCommunication2,1,트로이,화1.0-2.5,A312
CES104-18,공통교육,1,CES104-18,ApproachestoEnglishCommunication2,1,데이비드워터메이어,수7.0-8.5,A312
CES104-20,공통교육,1,CES104-20,ApproachestoEnglishCommunication2,1,티모시로버츠,월3.0-4.5,A314
CES104-21,공통교육,1,CES104-21,ApproachestoEnglishCommunication2,1,베쓰무어,월1.0-2.5,A310
CES104-23,공통교육,1,CES104-23,ApproachestoEnglishCommunication2,1,켈런,금5.0-6.5,A310
CES104-24,공통교육,1,CES104-24,ApproachestoEnglishCommunication2,1,킹슬리,금5.0-6.5,A318
CES104-25,공통교육,1,CES104-25,ApproachestoEnglishCommunication2,1,벤그리핀,금3.0-4.5,A318
CES104-26,공통교육,1,CES104-26,ApproachestoEnglishCommunication2,1,벤그리핀,금1.0-2.5,A318
CES104-27,공통교육,1,CES104-27,ApproachestoEnglishCommunication2,1,크리스,금1.0-2.5,A213
CES104-28,공통교육,1,CES104-28,ApproachestoEnglishCommunication2,1,켈런,목7.0-8.5,A310
CES104-29,공통교육,1,CES104-29,ApproachestoEnglishCommunication2,1,킹슬리,목7.0-8.5,A318
CES104-30,공통교육,1,CES104-30,ApproachestoEnglishCommunication2,1,존웬델,목5.0-6.5,A327
CES104-31,공통교육,1,CES104-31,ApproachestoEnglishCommunication2,1,킹슬리,목5.0-6.5,A318
CES104-32,공통교육,1,CES104-32,ApproachestoEnglishCommunication2,1,존웬델,목3.0-4.5,A327
CES104-33,공통교육,1,CES104-33,ApproachestoEnglishCommunication2,1,필빅터,목1.0-2.5,A316
CES104-34,공통교육,1,CES104-34,ApproachestoEnglishCommunication2,1,존버클리,목1.0-2.5,A326
CES104-35,공통교육,1,CES104-35,ApproachestoEnglishCommunication2,1,벤그리핀,수7.0-8.5,A318
CES104-36,공통교육,1,CES104-36,ApproachestoEnglishCommunication2,1,존버클리,수7.0-8.5,A326
CES104-37,공통교육,1,CES104-37,ApproachestoEnglishCommunication2,1,벤그리핀,수5.0-6.5,A318
CES104-38,공통교육,1,CES104-38,ApproachestoEnglishCommunication2,1,덜멋커피,수3.0-4.5,A214
CES104-39,공통교육,1,CES104-39,ApproachestoEnglishCommunication2,1,존웬델,수1.0-2.5,A327
CES104-40,공통교육,1,CES104-40,ApproachestoEnglishCommunication2,1,필빅터,수1.0-2.5,A311
CES104-41,공통교육,1,CES104-41,ApproachestoEnglishCommunication2,1,킹슬리,화5.0-6.5,A313
CES104-42,공통교육,1,CES104-42,ApproachestoEnglishCommunication2,1,존버클리,화5.0-6.5,A326
CES104-43,공통교육,1,CES104-43,ApproachestoEnglishCommunication2,1,벤그리핀,화3.0-4.5,A313
CES104-45,공통교육,1,CES104-45,ApproachestoEnglishCommunication2,1,크리스,화1.0-2.5,A213
CES104-46,공통교육,1,CES104-46,ApproachestoEnglishCommunication2,1,필빅터,화1.0-2.5,A311
CES104-47,공통교육,1,CES104-47,ApproachestoEnglishCommunication2,1,켈런,월7.0-8.5,A310
CES104-48,공통교육,1,CES104-48,ApproachestoEnglishCommunication2,1,벤그리핀,월5.0-6.5,A318
CES104-49,공통교육,1,CES104-49,ApproachestoEnglishCommunication2,1,덜멋커피,월5.0-6.5,A214
CES104-50,공통교육,1,CES104-50,ApproachestoEnglishCommunication2,1,존웬델,월3.0-4.5,A327
CES104-51,공통교육,1,CES104-51,ApproachestoEnglishCommunication2,1,크리스,월1.0-2.5,A213
CES104-52,공통교육,1,CES104-52,ApproachestoEnglishCommunication2,1,킹슬리,월1.0-2.5,A318
CES106-02,공통교육,1,CES106-02,SpeakingandCommunication2,1,캐서린,화5.0-6.5,A311
CES108-01,공통교육,1,CES108-01,BasicEnglishCommunication2,1,버지니아홀테,금5.0-6.5,A311
CES108-02,공통교육,1,CES108-02,BasicEnglishCommunication2,1,패트리샤,금3.0-4.5,A314
CES108-03,공통교육,1,CES108-03,BasicEnglishCommunication2,1,필빅터,금3.0-4.5,A311
CES108-04,공통교육,1,CES108-04,BasicEnglishCommunication2,1,덜멋커피,금1.0-2.5,A313
CES108-05,공통교육,1,CES108-05,BasicEnglishCommunication2,1,케네스,금1.0-2.5,A314
CES108-06,공통교육,1,CES108-06,BasicEnglishCommunication2,1,테레사메이,목7.0-8.5,A311
CES108-07,공통교육,1,CES108-07,BasicEnglishCommunication2,1,패트리샤,목5.0-6.5,A314
CES108-08,공통교육,1,CES108-08,BasicEnglishCommunication2,1,테레사메이,목5.0-6.5,A311
CES108-09,공통교육,1,CES108-09,BasicEnglishCommunication2,1,베쓰무어,목3.0-4.5,A311
CES108-10,공통교육,1,CES108-10,BasicEnglishCommunication2,1,버지니아홀테,목3.0-4.5,A310
CES108-11,공통교육,1,CES108-11,BasicEnglishCommunication2,1,버지니아홀테,목1.0-2.5,A310
CES108-12,공통교육,1,CES108-12,BasicEnglishCommunication2,1,캐서린,수7.0-8.5,A311
CES108-13,공통교육,1,CES108-13,BasicEnglishCommunication2,1,크리스,수5.0-6.5,A213
CES108-14,공통교육,1,CES108-14,BasicEnglishCommunication2,1,존버클리,수5.0-6.5,A326
CES108-15,공통교육,1,CES108-15,BasicEnglishCommunication2,1,크리스,수3.0-4.5,A213
CES108-16,공통교육,1,CES108-16,BasicEnglishCommunication2,1,필빅터,수3.0-4.5,A311
CES108-17,공통교육,1,CES108-17,BasicEnglishCommunication2,1,케네스,수1.0-2.5,A314
CES108-18,공통교육,1,CES108-18,BasicEnglishCommunication2,1,버지니아홀테,수1.0-2.5,A310
CES108-19,공통교육,1,CES108-19,BasicEnglishCommunication2,1,멜리사다이앤,화5.0-6.5,A214
CES108-20,공통교육,1,CES108-20,BasicEnglishCommunication2,1,베쓰무어,화3.0-4.5,A310
CES108-21,공통교육,1,CES108-21,BasicEnglishCommunication2,1,덜멋커피,화1.0-2.5,A214
CES108-22,공통교육,1,CES108-22,BasicEnglishCommunication2,1,패트리샤,월7.0-8.5,A314
CES108-23,공통교육,1,CES108-23,BasicEnglishCommunication2,1,존버클리,월7.0-8.5,A328
CES108-24,공통교육,1,CES108-24,BasicEnglishCommunication2,1,베쓰무어,월5.0-6.5,A310
CES108-25,공통교육,1,CES108-25,BasicEnglishCommunication2,1,패트리샤,월5.0-6.5,A314
CES108-26,공통교육,1,CES108-26,BasicEnglishCommunication2,1,테레사메이,월5.0-6.5,A311
CES108-27,공통교육,1,CES108-27,BasicEnglishCommunication2,1,덜멋커피,월3.0-4.5,A214
CES108-28,공통교육,1,CES108-28,BasicEnglishCommunication2,1,매튜스펜서,월3.0-4.5,A313
CES108-29,공통교육,1,CES108-29,BasicEnglishCommunication2,1,캐서린,월1.0-2.5,A311
CES108-30,공통교육,1,CES108-30,BasicEnglishCommunication2,1,멜리사다이앤,월1.0-2.5,A214
CES108-31,공통교육,1,CES108-31,BasicEnglishCommunication2,1,매튜스펜서,금5.0-6.5,A313
CES108-32,공통교육,1,CES108-32,BasicEnglishCommunication2,1,트로이,금3.0-4.5,A313
CES108-33,공통교육,1,CES108-33,BasicEnglishCommunication2,1,멜리사다이앤,금1.0-2.5,A214
CES108-34,공통교육,1,CES108-34,BasicEnglishCommunication2,1,멜리사다이앤,목7.0-8.5,A214
CES108-35,공통교육,1,CES108-35,BasicEnglishCommunication2,1,멜리사다이앤,목5.0-6.5,A214
CES108-36,공통교육,1,CES108-36,BasicEnglishCommunication2,1,더핀폴,목5.0-6.5,A312
CES108-37,공통교육,1,CES108-37,BasicEnglishCommunication2,1,매튜스펜서,목3.0-4.5,A313
CES108-38,공통교육,1,CES108-38,BasicEnglishCommunication2,1,매튜스펜서,목1.0-2.5,A313
CES108-39,공통교육,1,CES108-39,BasicEnglishCommunication2,1,더핀폴,목1.0-2.5,A312
CES108-40,공통교육,1,CES108-40,BasicEnglishCommunication2,1,트로이,수3.0-4.5,A313
CES108-41,공통교육,1,CES108-41,BasicEnglishCommunication2,1,더핀폴,수1.0-2.5,A312
CES108-42,공통교육,1,CES108-42,BasicEnglishCommunication2,1,멜리사다이앤,화3.0-4.5,A214
CES108-43,공통교육,1,CES108-43,BasicEnglishCommunication2,1,매튜스펜서,화1.0-2.5,A313
CES108-44,공통교육,1,CES108-44,BasicEnglishCommunication2,1,버지니아홀테,화1.0-2.5,A310
CES108-45,공통교육,1,CES108-45,BasicEnglishCommunication2,1,매튜스펜서,월5.0-6.5,A313
CES108-46,공통교육,1,CES108-46,BasicEnglishCommunication2,1,더핀폴,월3.0-4.5,A312
CES110-02,공통교육,1,CES110-02,IntegratedEnglish2,1,데이비드파우스트,목7.0-8.5,A312
CES120-01,공통교육,2,CES120-01,R을활용한문제해결,2,한무명초,월3.0-4.5,A212
CES120-02,공통교육,2,CES120-02,R을활용한문제해결,2,한무명초,화5.0-6.5,A212
CES120-03,공통교육,2,CES120-03,R을활용한문제해결,2,한무명초,수6.0-7.5,A212
CES120-05,공통교육,2,CES120-05,R을활용한문제해결,2,배성현,목3.0-4.5,A212
CES121-01,공통교육,2,CES121-01,파이썬을활용한문제해결,2,김호운,월6.0-7.5,A215
CES121-02,공통교육,2,CES121-02,파이썬을활용한문제해결,2,김호운,월8.0-9.5,A215
CES121-03,공통교육,2,CES121-03,파이썬을활용한문제해결,2,배성현,월1.0-2.5,A212
CES121-04,공통교육,2,CES121-04,파이썬을활용한문제해결,2,오진희,월6.0-7.5,A212
CES121-05,공통교육,2,CES121-05,파이썬을활용한문제해결,2,오진희,월8.0-9.5,A212
CES121-06,공통교육,2,CES121-06,파이썬을활용한문제해결,2,안형근,화1.0-2.5,A215
CES121-07,공통교육,2,CES121-07,파이썬을활용한문제해결,2,안형근,화3.0-4.5,A215
CES121-08,공통교육,2,CES121-08,파이썬을활용한문제해결,2,이단영,화1.0-2.5,A212
CES121-09,공통교육,2,CES121-09,파이썬을활용한문제해결,2,이단영,화3.0-4.5,A212
CES121-10,공통교육,2,CES121-10,파이썬을활용한문제해결,2,안형근,수1.0-2.5,A215
CES121-11,공통교육,2,CES121-11,파이썬을활용한문제해결,2,안형근,수3.0-4.5,A215
CES121-12,공통교육,2,CES121-12,파이썬을활용한문제해결,2,배성현,수6.0-7.5,A215
CES121-13,공통교육,2,CES121-13,파이썬을활용한문제해결,2,배성현,수8.0-9.5,A215
CES121-14,공통교육,2,CES121-14,파이썬을활용한문제해결,2,황태욱,수1.0-2.5,A212
CES121-15,공통교육,2,CES121-15,파이썬을활용한문제해결,2,황태욱,수3.0-4.5,A212
CES121-16,공통교육,2,CES121-16,파이썬을활용한문제해결,2,한무명초,수8.0-9.5,A212
CES121-17,공통교육,2,CES121-17,파이썬을활용한문제해결,2,안형근,목1.0-2.5,A212
CES121-18,공통교육,2,CES121-18,파이썬을활용한문제해결,2,안형근,목3.0-4.5,A215
CES121-19,공통교육,2,CES121-19,파이썬을활용한문제해결,2,한무명초,목6.0-7.5,A212
CES121-20,공통교육,2,CES121-20,파이썬을활용한문제해결,2,한무명초,목8.0-9.5,A212
CES121-21,공통교육,2,CES121-21,파이썬을활용한문제해결,2,정선영,금1.0-2.5,A215
CES121-22,공통교육,2,CES121-22,파이썬을활용한문제해결,2,정선영,금3.0-4.5,A215
CES123-01,공통교육,2,CES123-01,융합글쓰기2,2,김영철,월7.0-8.5,A403
CES123-02,공통교육,2,CES123-02,융합글쓰기2,2,김영철,화3.0-4.5,A401
CES123-03,공통교육,2,CES123-03,융합글쓰기2,2,김영철,화5.0-6.5,A404
CES123-04,공통교육,2,CES123-04,융합글쓰기2,2,이채영,월2.0-3.5,A403
CES123-05,공통교육,2,CES123-05,융합글쓰기2,2,이채영,화2.0-3.5,A403
CES123-06,공통교육,2,CES123-06,융합글쓰기2,2,이채영,화4.0-5.5,A403
CES123-07,공통교육,2,CES123-07,융합글쓰기2,2,이채영,수2.0-3.5,A401
CES123-08,공통교육,2,CES123-08,융합글쓰기2,2,이채영,목2.0-3.5,A405
CES123-09,공통교육,2,CES123-09,융합글쓰기2,2,이채영,목4.0-5.5,A405
CES123-10,공통교육,2,CES123-10,융합글쓰기2,2,임택균,수1.0-2.5,A405
CES123-11,공통교육,2,CES123-11,융합글쓰기2,2,임택균,수3.0-4.5,A405
CES123-12,공통교육,2,CES123-12,융합글쓰기2,2,지현배,화1.0-2.5,A404
CES123-13,공통교육,2,CES123-13,융합글쓰기2,2,지현배,화3.0-4.5,A404
CES123-14,공통교육,2,CES123-14,융합글쓰기2,2,지현배,수1.0-2.5,A404
CES123-15,공통교육,2,CES123-15,융합글쓰기2,2,지현배,수3.0-4.5,A404
CES123-16,공통교육,2,CES123-16,융합글쓰기2,2,지현배,목1.0-2.5,A403
CES123-17,공통교육,2,CES123-17,융합글쓰기2,2,최천집,화5.0-6.5,A405
CES123-18,공통교육,2,CES123-18,융합글쓰기2,2,최천집,수5.0-6.5,A405
CES123-19,공통교육,2,CES123-19,융합글쓰기2,2,최천집,수7.0-8.5,A405
CES123-20,공통교육,2,CES123-20,융합글쓰기2,2,최천집,목6.0-7.5,A405
CES123-21,공통교육,2,CES123-21,융합글쓰기2,2,배은혜,화1.0-2.5,A401
CES123-22,공통교육,2,CES123-22,융합글쓰기2,2,이상옥,목1.0-2.5,A406
CES123-23,공통교육,2,CES123-23,융합글쓰기2,2,이상옥,목3.0-4.5,A406
CES123-24,공통교육,2,CES123-24,융합글쓰기2,2,이상숙,월2.0-3.5,A404
CES123-25,공통교육,2,CES123-25,융합글쓰기2,2,이상숙,월4.0-5.5,A405
CES123-26,공통교육,2,CES123-26,융합글쓰기2,2,이원숙,수5.0-6.5,A406
CES123-27,공통교육,2,CES123-27,융합글쓰기2,2,이원숙,목5.0-6.5,A406
CES123-28,공통교육,2,CES123-28,융합글쓰기2,2,이원숙,목7.0-8.5,A406
CES123-29,공통교육,2,CES123-29,융합글쓰기2,2,최옥선,월2.0-3.5,A405
CES123-30,공통교육,2,CES123-30,융합글쓰기2,2,최옥선,월6.0-7.5,A405
CES123-32,공통교육,2,CES123-32,융합글쓰기2,2,최옥선,목8.0-9.5,A401
CES123-33,공통교육,2,CES123-33,융합글쓰기2,2,황지영,목3.0-4.5,A403
CES123-34,공통교육,2,CES123-34,융합글쓰기2,2,황지영,목5.0-6.5,A403
CES123-35,공통교육,2,CES123-35,융합글쓰기2,2,황지영,목7.0-8.5,A403
CES123-36,공통교육,2,CES123-36,융합글쓰기2,2,황지영,금2.0-3.5,A403
CES123-37,공통교육,2,CES123-37,융합글쓰기2,2,김영철,수3.0-4.5,A403
CES123-38,공통교육,2,CES123-38,융합글쓰기2,2,김영철,수5.0-6.5,A403
CES123-39,공통교육,2,CES123-39,융합글쓰기2,2,임택균,화1.0-2.5,A405
CES123-40,공통교육,2,CES123-40,융합글쓰기2,2,임택균,화3.0-4.5,A405
CES123-41,공통교육,2,CES123-41,융합글쓰기2,2,임택균,목1.0-2.5,A401
CES123-42,공통교육,2,CES123-42,융합글쓰기2,2,최천집,월5.0-6.5,A404
CES123-43,공통교육,2,CES123-43,융합글쓰기2,2,최천집,월7.0-8.5,A404
CES123-44,공통교육,2,CES123-44,융합글쓰기2,2,김위경,화3.0-4.5,A406
CES123-45,공통교육,2,CES123-45,융합글쓰기2,2,김위경,화5.0-6.5,A406
CES123-46,공통교육,2,CES123-46,융합글쓰기2,2,김위경,목2.0-3.5,A404
CES123-47,공통교육,2,CES123-47,융합글쓰기2,2,김위경,목5.0-6.5,A404
CES123-48,공통교육,2,CES123-48,융합글쓰기2,2,김위경,목7.0-8.5,A404
CES123-49,공통교육,2,CES123-49,융합글쓰기2,2,여상임,목8.0-9.5,A405
CES123-50,공통교육,2,CES123-50,융합글쓰기2,2,이상옥,월2.0-3.5,A406
CES123-51,공통교육,2,CES123-51,융합글쓰기2,2,이상옥,월4.0-5.5,A406
CES123-52,공통교육,2,CES123-52,융합글쓰기2,2,이상옥,월6.0-7.5,A406
CES123-53,공통교육,2,CES123-53,융합글쓰기2,2,이원숙,수3.0-4.5,A406
CES123-54,공통교육,2,CES123-54,융합글쓰기2,2,이원숙,수7.0-8.5,A406
CES123-55,공통교육,2,CES123-55,융합글쓰기2,2,최옥선,목3.0-4.5,A401
CES123-56,공통교육,2,CES123-56,융합글쓰기2,2,황지영,금4.0-5.5,A403
CES125-01,공통교육,1,CES125-01,PracticalEnglish2,1,김지혜,월1.0-2.5,A202
CES125-02,공통교육,1,CES125-02,PracticalEnglish2,1,김지혜,월3.0-4.5,A202
CES125-03,공통교육,1,CES125-03,PracticalEnglish2,1,윤충일,화1.0-2.5,A318
CES125-04,공통교육,1,CES125-04,PracticalEnglish2,1,윤충일,화3.0-4.5,A318
CES125-05,공통교육,1,CES125-05,PracticalEnglish2,1,윤충일,수3.0-4.5,A318
CES125-06,공통교육,1,CES125-06,PracticalEnglish2,1,윤충일,목3.0-4.5,A318
CES125-07,공통교육,1,CES125-07,PracticalEnglish2,1,윤충일,목7.0-8.5,A202
CES125-08,공통교육,1,CES125-08,PracticalEnglish2,1,도숙진,화5.0-6.5,A204
CES125-09,공통교육,1,CES125-09,PracticalEnglish2,1,도숙진,수5.0-6.5,A204
CES125-10,공통교육,1,CES125-10,PracticalEnglish2,1,도숙진,금1.0-2.5,A204
CES125-11,공통교육,1,CES125-11,PracticalEnglish2,1,이춘희,목1.0-2.5,A402
CES125-12,공통교육,1,CES125-12,PracticalEnglish2,1,이춘희,금3.0-4.5,A404
CES125-13,공통교육,1,CES125-13,PracticalEnglish2,1,박종덕,월5.0-6.5,A202
CES125-14,공통교육,1,CES125-14,PracticalEnglish2,1,박종덕,월7.0-8.5,A202
CES125-15,공통교육,1,CES125-15,PracticalEnglish2,1,박종덕,화3.0-4.5,A202
CES125-16,공통교육,1,CES125-16,PracticalEnglish2,1,박종덕,수5.0-6.5,A202
CES125-17,공통교육,1,CES125-17,PracticalEnglish2,1,박종덕,목1.0-2.5,A202
CES125-18,공통교육,1,CES125-18,PracticalEnglish2,1,박미경,화5.0-6.5,A201
CES125-19,공통교육,1,CES125-19,PracticalEnglish2,1,박미경,수3.0-4.5,A204
CES125-20,공통교육,1,CES125-20,PracticalEnglish2,1,박미경,목3.0-4.5,A204
CES125-21,공통교육,1,CES125-21,PracticalEnglish2,1,김미혜,월3.0-4.5,A201
CES125-22,공통교육,1,CES125-22,PracticalEnglish2,1,김미혜,화1.0-2.5,A202
CES125-23,공통교육,1,CES125-23,PracticalEnglish2,1,김미혜,수7.0-8.5,A201
CES125-24,공통교육,1,CES125-24,PracticalEnglish2,1,이춘희,목5.0-6.5,A402
CES125-25,공통교육,1,CES125-25,PracticalEnglish2,1,이춘희,금5.0-6.5,A404
CES125-26,공통교육,1,CES125-26,PracticalEnglish2,1,홍은숙,월3.0-4.5,A402
CES125-27,공통교육,1,CES125-27,PracticalEnglish2,1,홍은숙,월7.0-8.5,A402
CES125-28,공통교육,1,CES125-28,PracticalEnglish2,1,홍은숙,화1.0-2.5,A402
CES125-29,공통교육,1,CES125-29,PracticalEnglish2,1,홍은숙,화5.0-6.5,A402
CES125-30,공통교육,1,CES125-30,PracticalEnglish2,1,홍은숙,수7.0-8.5,A402
CES125-31,공통교육,1,CES125-31,PracticalEnglish2,1,홍은숙,수5.0-6.5,A402
CES125-32,공통교육,1,CES125-32,PracticalEnglish2,1,김지혜,화3.0-4.5,A201
CES125-33,공통교육,1,CES125-33,PracticalEnglish2,1,김지혜,수3.0-4.5,A201
CES125-34,공통교육,1,CES125-34,PracticalEnglish2,1,김지혜,수5.0-6.5,A201
CES125-35,공통교육,1,CES125-35,PracticalEnglish2,1,김지혜,목3.0-4.5,A202
CES125-36,공통교육,1,CES125-36,PracticalEnglish2,1,박미경,수1.0-2.5,A204
CES125-37,공통교육,1,CES125-37,PracticalEnglish2,1,박미경,목7.0-8.5,A204
CES125-38,공통교육,1,CES125-38,PracticalEnglish2,1,박미경,금3.0-4.5,A201
CES125-39,공통교육,1,CES125-39,PracticalEnglish2,1,유미정,목1.0-2.5,A201
CES125-40,공통교육,1,CES125-40,PracticalEnglish2,1,도숙진,화3.0-4.5,A204
CES125-41,공통교육,1,CES125-41,PracticalEnglish2,1,도숙진,수7.0-8.5,A204
CES125-42,공통교육,1,CES125-42,PracticalEnglish2,1,도숙진,목7.0-8.5,A201
CES125-43,공통교육,1,CES125-43,PracticalEnglish2,1,김미혜,월7.0-8.5,A201
CES125-44,공통교육,1,CES125-44,PracticalEnglish2,1,김미혜,수3.0-4.5,A202
CES125-45,공통교육,1,CES125-45,PracticalEnglish2,1,김미혜,목3.0-4.5,A201
CES125-46,공통교육,1,CES125-46,PracticalEnglish2,1,유미정,목5.0-6.5,A201
CES125-47,공통교육,1,CES125-47,PracticalEnglish2,1,유미정,금1.0-2.5,A201
CES202-01,공통교육,2,CES202-01,미디어영어,2,황태경,화1.0-2.5,M102
CES215-01,공통교육,2,CES215-01,발표와연설,2,임택균,월6.0-7.5,A401
CES216-01,공통교육,2,CES216-01,미디어언어의이해와활용,2,배은혜,화5.0-6.5,A401
CES217-01,공통교육,2,CES217-01,함께읽고해석하는고전의세계,2,김영철,수7.0-8.5,A401
CES218-01,공통교육,2,CES218-01,DynamicEnglishCommunication,2,데이비드파우스트,수3.0-4.5,A312
CES219-01,공통교육,2,CES219-01,EnglishandCommunicationConnections,2,존웬델,월7.0-8.5,A327
CES220-01,공통교육,2,CES220-01,RealWorldEnglish,2,캐서린,수5.0-6.5,A311
CES221-01,공통교육,2,CES221-01,TransactionalEnglishPreparationA,2,트로이,목7.0-8.5,A313
CES222-01,공통교육,2,CES222-01,TransactionalEnglishPreparationB,2,케네스,수5.0-6.5,A314
CES227-01,공통교육,2,CES227-01,고급종합영어,2,홍은숙,목3.0-4.5,A402
CES228-01,공통교육,2,CES228-01,중급영어독해,2,박종덕,화5.0-6.5,A202
CES229-01,공통교육,2,CES229-01,중급영어듣기,2,윤충일,금3.0-4.5,A202
CES232-01,공통교육,2,CES232-01,중급일본어,2,문재연,화3.0-4.5,A402
CES233-01,공통교육,2,CES233-01,일본어실용연습,2,문재연,목3.0-4.5,A301
CES234-01,공통교육,2,CES234-01,중급중국어,2,임융지,금1.0-2.5,A308
CES235-01,공통교육,2,CES235-01,중국어활용,2,이민경,월2.0-3.5,A306
CES236-01,공통교육,2,CES236-01,초급일본어,2,문재연,화5.0-6.5,A318
CES237-01,공통교육,2,CES237-01,초급중국어,2,임융지,금3.0-4.5,A308
CES240-01,공통교육,2,CES240-01,파이썬으로시작하는업무자동화,2,안형근,월3.0-4.5,A215
CES241-01,공통교육,2,CES241-01,아두이노프로그래밍,2,배성현,금3.0-4.5,A212
FES101-01,계열교육,3,FES101-01,논리학개론,3,선혜영,금1.5-4.0,A209
FES101-02,계열교육,3,FES101-02,논리학개론,3,선혜영,금5.0-7.5,A309
FES102-01,계열교육,3,FES102-01,철학개론,3,전광수,목7.0-9.5,A208
FES102-02,계열교육,3,FES102-02,철학개론,3,김영철,월4.0-6.5,M403
FES103-01,계열교육,3,FES103-01,역사의이해,3,최혜경,목5.0-7.5,M101
FES103-02,계열교육,3,FES103-02,역사의이해,3,류은하,금3.0-5.5,A207
FES105-01,계열교육,3,FES105-01,언어학의이해,3,김주관,"화4.0-5.0,목1.0-2.0","A307,A309"
FES106-01,계열교육,3,FES106-01,서양사이해,3,류은하,금7.0-9.5,A207
FES201-01,계열교육,3,FES201-01,경제학입문,3,김동헌,월5.5-8.0,B308
FES201-02,계열교육,3,FES201-02,경제학입문,3,김동헌,화4.0-6.5,B308
FES201-03,계열교육,3,FES201-03,경제학입문,3,김동헌,수7.0-9.5,B308
FES202-01,계열교육,3,FES202-01,법의이해,3,심민석,목4.0-6.5,B302
FES202-02,계열교육,3,FES202-02,법의이해,3,심민석,목7.0-9.5,B302
FES203-01,계열교육,3,FES203-01,정치학의이해,3,권오윤,월7.0-9.5,B206
FES203-02,계열교육,3,FES203-02,정치학의이해,3,진유정,수7.0-9.5,B206
FES204-01,계열교육,3,FES204-01,심리학의이해,3,이랑주,수7.0-9.5,A207
FES204-02,계열교육,3,FES204-02,심리학의이해,3,정귀연,금2.0-4.5,A309
FES205-01,계열교육,3,FES205-01,사회학의이해,3,김주관,"월4.0-5.0,수4.0-5.0","A309,A308"
FES319-01,계열교육,3,FES319-01,일반물리학,3,이연환,월1.0-3.5,E301
FES319-02,계열교육,3,FES319-02,일반물리학,3,공대정,월5.0-7.5,E301
FES320-01,계열교육,3,FES320-01,일반생물학,3,정효원,수1.0-3.5,M101
FES320-02,계열교육,3,FES320-02,일반생물학,3,정효원,수6.0-8.5,M101
FES321-01,계열교육,3,FES321-01,일반화학,3,박영조,목7.0-9.5,A207
FES322-01,계열교육,3,FES322-01,일반수학,3,이은경,목1.0-3.5,M101
FES322-02,계열교육,3,FES322-02,일반수학,3,홍지연,금4.0-6.5,M101
FES322-03,계열교육,3,FES322-03,일반수학,3,홍지연,금1.0-3.5,S302
FES323-01,계열교육,3,FES323-01,일반통계학,3,정귀옥,화1.0-3.5,M304
FES323-02,계열교육,3,FES323-02,일반통계학,3,도해영,수7.0-9.5,M304
FES325-01,계열교육,3,FES325-01,야생식물과환경,3,최미영,월1.0-3.5,A309
LAC101-01,제1영역:문학/역사/철학/종교,3,LAC101-01,문학의이해,3,김봉률,"화1.0-2.0,목1.0-2.0","A209,A209"
LAC105-01,제1영역:문학/역사/철학/종교,3,LAC105-01,영상스토리텔링의세계,3,김동현,금7.0-9.5,A308
LAC108-01,제1영역:문학/역사/철학/종교,3,LAC108-01,동양고전에서배우는지혜,3,장도규,월4.0-6.5,A208
LAC109-01,제1영역:문학/역사/철학/종교,3,LAC109-01,소설의이해,3,오태영,"화1.0-2.0,목1.0-2.0","A308,A308"
LAC110-01,제1영역:문학/역사/철학/종교,3,LAC110-01,세익스피어와시민인성교육,3,김봉률,"화2.5-3.5,목2.5-3.5","A209,A209"
LAC111-01,제1영역:문학/역사/철학/종교,3,LAC111-01,고고학과발굴,3,강동석,수4.0-6.5,A209
LAC112-01,제1영역:문학/역사/철학/종교,3,LAC112-01,쟁점으로보는한국사,3,김신재,수5.5-8.0,A308
LAC113-01,제1영역:문학/역사/철학/종교,3,LAC113-01,동서문화교류사,3,남영주,화1.0-3.5,A207
LAC114-01,제1영역:문학/역사/철학/종교,3,LAC114-01,세계화의역사,3,박용희,월7.0-9.5,A208
LAC118-01,제1영역:문학/역사/철학/종교,3,LAC118-01,동양철학과문화,3,이고경,금7.0-9.5,A208
LAC119-01,제1영역:문학/역사/철학/종교,3,LAC119-01,한국인의사상과가치관,3,장성재,목5.5-8.0,A320
LAC119-02,제1영역:문학/역사/철학/종교,3,LAC119-02,한국인의사상과가치관,3,장성재,토6.0-8.5,A320
LAC128-01,제1영역:문학/역사/철학/종교,3,LAC128-01,불교와세계종교,3,김경의,목1.0-3.5,A207
LAC131-01,제1영역:문학/역사/철학/종교,3,LAC131-01,불교경전의이해,3,박지영,수1.0-3.5,A207
LAC133-01,제1영역:문학/역사/철학/종교,3,LAC133-01,참선의이론과실천,3,김명호,월6.0-8.5,A307
LAC134-01,제1영역:문학/역사/철학/종교,3,LAC134-01,"호메르스의일리아스,오뒷세이아읽기",3,김봉률,수1.0-3.5,A208
LAC138-01,제1영역:문학/역사/철학/종교,3,LAC138-01,AI시대의문학과언어,3,김억조,수4.0-6.5,A207
LAC201-01,제2영역:정치/경제/사회/심리,3,LAC201-01,고전에서배우는리더십,3,김정훈,월3.0-5.5,B101
LAC202-01,제2영역:정치/경제/사회/심리,3,LAC202-01,국제평화와신세계질서,3,이성석,금4.0-6.5,B302
LAC203-01,제2영역:정치/경제/사회/심리,3,LAC203-01,남북한통일과자원활용,3,권오윤,수7.0-9.5,B101
LAC205-01,제2영역:정치/경제/사회/심리,3,LAC205-01,정부기능과국가경쟁력,3,김정훈,수4.0-6.5,B101
LAC206-01,제2영역:정치/경제/사회/심리,3,LAC206-01,현대에있어서의인간과정치,3,황의서,"수2.5-3.5,목2.5-3.5","B202,B202"
LAC208-01,제2영역:정치/경제/사회/심리,3,LAC208-01,생활속의소비트랜드분석,3,최경숙,금7.0-9.5,A209
LAC209-01,제2영역:정치/경제/사회/심리,3,LAC209-01,화폐인문학,3,김봉률,월4.0-6.5,A308
LAC210-01,제2영역:정치/경제/사회/심리,3,LAC210-01,FTA와우리생활,3,김미정,목6.0-8.5,A307
LAC213-01,제2영역:정치/경제/사회/심리,3,LAC213-01,국제개발협력의이해,3,이슬기,화4.0-6.5,A308
LAC215-01,제2영역:정치/경제/사회/심리,3,LAC215-01,4차산업혁명과투자,3,조경식,,
LAC217-01,제2영역:정치/경제/사회/심리,3,LAC217-01,법과생활,3,이승현,금1.0-3.5,B202
LAC218-01,제2영역:정치/경제/사회/심리,3,LAC218-01,사회갈등치유론,3,정주영,화4.0-6.5,B302
LAC220-01,제2영역:정치/경제/사회/심리,3,LAC220-01,언어와사회,3,김주관,화1.0-3.5,A208
LAC221-01,제2영역:정치/경제/사회/심리,3,LAC221-01,미래사회와교육,3,김상무,"화5.5-6.5,수5.5-6.5","A307,A307"
LAC225-01,제2영역:정치/경제/사회/심리,3,LAC225-01,정보화사회의스마트행정,3,김영재,금4.0-6.5,B206
LAC226-01,제2영역:정치/경제/사회/심리,3,LAC226-01,저작권과지적재산권세미나,3,노성,월1.0-3.5,A407
LAC228-01,제2영역:정치/경제/사회/심리,3,LAC228-01,초국가시대와세계시민,3,김주관,"월1.0-2.0,수1.0-2.0","A308,A308"
LAC229-01,제2영역:정치/경제/사회/심리,3,LAC229-01,지역사회와범죄예방활동,3,김수민,목7.0-9.5,B310
LAC234-01,제2영역:정치/경제/사회/심리,3,LAC234-01,기업과사회,3,길종구,,
LAC236-01,제2영역:정치/경제/사회/심리,3,LAC236-01,건강한성과결혼,3,손민애,화4.0-6.5,A207
LAC238-01,제2영역:정치/경제/사회/심리,3,LAC238-01,행정법의이해,3,권영복,수7.0-9.5,B202
LAC239-01,제2영역:정치/경제/사회/심리,3,LAC239-01,21세기시민사회,3,전광수,목4.0-6.5,B101
LAC244-01,제2영역:정치/경제/사회/심리,3,LAC244-01,창의적인문제해결과의사결정,3,길종구,,
LAC245-01,제2영역:정치/경제/사회/심리,3,LAC245-01,뉴미디어시대의언어와커뮤니케이션,3,이석우,금7.0-9.5,A408
LAC246-01,제2영역:정치/경제/사회/심리,3,LAC246-01,소비자가즐거운마케팅의세계,3,정성훈,,
LAC249-01,제2영역:정치/경제/사회/심리,3,LAC249-01,4차산업혁명과CEO리더십,3,조경식,,
LAC255-01,제2영역:정치/경제/사회/심리,3,LAC255-01,생활속심리와삶의질,3,김광현,,
LAC256-01,제2영역:정치/경제/사회/심리,3,LAC256-01,지속가능개발목표의이해,3,이유경,화1.0-3.5,B104
LAC303-01,제3영역:과학/기술/생명,3,LAC303-01,노벨상으로본현대과학의풍경,3,안호영,화4.0-6.5,A309
LAC304-01,제3영역:과학/기술/생명,3,LAC304-01,자연과학사,3,안호영,월6.0-8.5,A309
LAC305-01,제3영역:과학/기술/생명,3,LAC305-01,천문학콘서트,3,안호영,수6.0-8.5,A208
LAC306-01,제3영역:과학/기술/생명,3,LAC306-01,"과학,영화를캐스팅하다",3,안호영,목2.5-5.0,A307
LAC307-01,제3영역:과학/기술/생명,3,LAC307-01,생활속의통계,3,심규박,수5.5-8.0,S408
LAC314-01,제3영역:과학/기술/생명,3,LAC314-01,창의적모바일앱과웹,3,한은주,금2.0-4.5,S501
LAC315-01,제3영역:과학/기술/생명,3,LAC315-01,숲과치유,3,이선호,화1.0-3.5,A307
LAC317-01,제3영역:과학/기술/생명,3,LAC317-01,인공지능과미래비즈니스,3,이영찬,,
LAC320-01,제3영역:과학/기술/생명,3,LAC320-01,기능성식품의이해,3,한윤경,월3.0-5.5,M304
LAC324-01,제3영역:과학/기술/생명,3,LAC324-01,지구환경과우리의미래,3,최석규,수1.0-3.5,A307
LAC325-01,제3영역:과학/기술/생명,3,LAC325-01,인체와생명의과학,3,이현숙,목1.0-3.5,A208
LAC334-01,제3영역:과학/기술/생명,2,LAC334-01,4차산업혁명기술,2,김주원,,
LAC338-01,제3영역:과학/기술/생명,3,LAC338-01,수학으로바라본영화속세상,3,김지은,,
LAC342-01,제3영역:과학/기술/생명,3,LAC342-01,메타버스와미래사회,3,이영찬,,
LAC343-01,제3영역:과학/기술/생명,3,LAC343-01,건강운동과학,3,김석규,수7.0-9.5,A307
LAC406-01,제4영역:예술/문화,3,LAC406-01,불교와한국문화,3,문진영,수7.0-9.5,A309
LAC408-01,제4영역:예술/문화,3,LAC408-01,현대세계불교의역사와문화,3,우명주,수7.0-9.5,A209
LAC414-01,제4영역:예술/문화,3,LAC414-01,지역문화콘텐츠와글쓰기,3,지현배,월3.0-5.5,A401
LAC417-01,제4영역:예술/문화,3,LAC417-01,현대일본의사회와문화,3,이홍천,목7.0-9.5,A308
LAC419-01,제4영역:예술/문화,3,LAC419-01,한국어와다문화복지,3,이주현,금1.0-3.5,A208
LAC420-01,제4영역:예술/문화,3,LAC420-01,스토리가담긴노르딕워킹,3,오현옥,수5.0-7.5,G203
LAC427-01,제4영역:예술/문화,3,LAC427-01,포스트네트워크시대텔레비전드라마,3,박종덕,수7.0-9.5,A202
LAC431-01,제4영역:예술/문화,3,LAC431-01,글로벌공연예술과융합창작,3,한정미,목4.0-6.5,A308
LAC432-01,제4영역:예술/문화,3,LAC432-01,B급문화와비주류,3,오태영,"화2.5-3.5,목2.5-3.5","A308,A308"
LAC433-01,제4영역:예술/문화,3,LAC433-01,세계도시의예술과문화,3,최현실,,
LAC434-01,제4영역:예술/문화,3,LAC434-01,애니메이션의교양,3,권두현,목4.0-6.5,A208
LAC435-01,제4영역:예술/문화,3,LAC435-01,영상문화콘텐츠이해,3,박종덕,,
LAC439-01,제4영역:예술/문화,3,LAC439-01,한국가무악감상,3,김화미,월7.0-9.5,A308
